orientation,quantile,cutpoint,scope,ties
L12,0.1,0.4315532940695393,entire target embryo,right
L12,0.2,0.4544472667857555,entire target embryo,right
L12,0.30000000000000004,0.47053987056227037,entire target embryo,right
L12,0.4,0.4853856062839616,entire target embryo,right
L12,0.5,0.4991351474821991,entire target embryo,right
L12,0.6000000000000001,0.5123349892835762,entire target embryo,right
L12,0.7000000000000001,0.528603482060808,entire target embryo,right
L12,0.8,0.5461929706715388,entire target embryo,right
L12,0.9,0.570164832500379,entire target embryo,right
L21,0.1,0.35503661545994214,entire target embryo,right
L21,0.2,0.37712473248758455,entire target embryo,right
L21,0.30000000000000004,0.39422347087280196,entire target embryo,right
L21,0.4,0.40585591569769114,entire target embryo,right
L21,0.5,0.4168559489504322,entire target embryo,right
L21,0.6000000000000001,0.42823920296252704,entire target embryo,right
L21,0.7000000000000001,0.4404951066842841,entire target embryo,right
L21,0.8,0.46004723499897165,entire target embryo,right
L21,0.9,0.4888959555765114,entire target embryo,right
L13,0.1,0.40116561261134437,entire target embryo,right
L13,0.2,0.4214993299239145,entire target embryo,right
L13,0.30000000000000004,0.435526267764927,entire target embryo,right
L13,0.4,0.44721772428687395,entire target embryo,right
L13,0.5,0.45923948990171626,entire target embryo,right
L13,0.6000000000000001,0.4707349001049999,entire target embryo,right
L13,0.7000000000000001,0.4840154728653442,entire target embryo,right
L13,0.8,0.500801924105303,entire target embryo,right
L13,0.9,0.5240778826471564,entire target embryo,right
L31,0.1,0.36734169859357724,entire target embryo,right
L31,0.2,0.3892724857514236,entire target embryo,right
L31,0.30000000000000004,0.40231370833459446,entire target embryo,right
L31,0.4,0.4157767024364418,entire target embryo,right
L31,0.5,0.42815976306180964,entire target embryo,right
L31,0.6000000000000001,0.4397063674092223,entire target embryo,right
L31,0.7000000000000001,0.4548509272584154,entire target embryo,right
L31,0.8,0.4740150231551515,entire target embryo,right
L31,0.9,0.4994653067171727,entire target embryo,right
L23,0.1,0.38808623255489216,entire target embryo,right
L23,0.2,0.4127427099774598,entire target embryo,right
L23,0.30000000000000004,0.42670791856013396,entire target embryo,right
L23,0.4,0.43822629760740905,entire target embryo,right
L23,0.5,0.44967099264922594,entire target embryo,right
L23,0.6000000000000001,0.4616637579835722,entire target embryo,right
L23,0.7000000000000001,0.47257081749527324,entire target embryo,right
L23,0.8,0.48972314754978935,entire target embryo,right
L23,0.9,0.5129018818225267,entire target embryo,right
L32,0.1,0.43494489018230836,entire target embryo,right
L32,0.2,0.45776988520701734,entire target embryo,right
L32,0.30000000000000004,0.47462806916473693,entire target embryo,right
L32,0.4,0.4902234746981232,entire target embryo,right
L32,0.5,0.5040921577441229,entire target embryo,right
L32,0.6000000000000001,0.5170777353740238,entire target embryo,right
L32,0.7000000000000001,0.5344580981233973,entire target embryo,right
L32,0.8,0.5527138688234055,entire target embryo,right
L32,0.9,0.5773780852268972,entire target embryo,right
