baseline,scale,panel,orientation,cells,observed_mean,baseline_mean,paired_difference_mean,paired_difference_median,observed_median,baseline_median,descriptive_only,overlap_cells,retained_fraction,arm_mean_target_sizes,support_boundary
matched_knn,q25,state,O1,207,0.3968923845368149,0.34572880779057136,0.05116357674624349,0.05028763990720503,0.39741290721293154,0.34592760514686505,True,207,1.0,2.2170542635658914|1.5116279069767442,MNN fixed-size requires >= native fiber size in both arms
matched_knn,q25,heldout,O1,207,0.3361263858301881,0.3542894429020297,-0.018163057071841557,-0.015280285179390896,0.33396533984566923,0.3552504819132696,True,207,1.0,2.2170542635658914|1.5116279069767442,MNN fixed-size requires >= native fiber size in both arms
matched_knn,q25,state,O2,287,0.4229548174778895,0.3441212868845414,0.07883353059334812,0.07786113074224194,0.4243189590233875,0.3377682118064719,True,287,1.0,10.163076923076924|6.935384615384615,MNN fixed-size requires >= native fiber size in both arms
matched_knn,q25,heldout,O2,287,0.35465429423092054,0.35283531118039974,0.0018189830505207388,0.002926542181761582,0.353488839799503,0.34554816788336207,True,287,1.0,10.163076923076924|6.935384615384615,MNN fixed-size requires >= native fiber size in both arms
matched_knn,q25,state,O3,252,0.38992525396394234,0.3237280215239332,0.06619723244000908,0.06428678515937472,0.39317689090524993,0.3242642864283092,True,252,1.0,3.933139534883721|2.616279069767442,MNN fixed-size requires >= native fiber size in both arms
matched_knn,q25,heldout,O3,252,0.32933332693992323,0.3353538258543265,-0.006020498914403253,-0.0023818577166111743,0.32813181270347624,0.33249499994485254,True,252,1.0,3.933139534883721|2.616279069767442,MNN fixed-size requires >= native fiber size in both arms
pca32_knn,q25,state,O1,207,0.3968923845368149,0.43661486649694276,-0.03972248196012795,-0.03552947780666049,0.39741290721293154,0.4313932929087988,True,207,1.0,2.2170542635658914|1.5116279069767442,MNN fixed-size requires >= native fiber size in both arms
pca32_knn,q25,heldout,O1,207,0.3361263858301881,0.3565034997795313,-0.020377113949343065,-0.01792953021318988,0.33396533984566923,0.3559701626807454,True,207,1.0,2.2170542635658914|1.5116279069767442,MNN fixed-size requires >= native fiber size in both arms
pca32_knn,q25,state,O2,287,0.4229548174778895,0.4218918027869987,0.001063014690890806,0.0008728403783896388,0.4243189590233875,0.41663191163790025,True,287,1.0,10.163076923076924|6.935384615384615,MNN fixed-size requires >= native fiber size in both arms
pca32_knn,q25,heldout,O2,287,0.35465429423092054,0.3460181445098806,0.00863614972103989,0.009442802961757257,0.353488839799503,0.3394648164429642,True,287,1.0,10.163076923076924|6.935384615384615,MNN fixed-size requires >= native fiber size in both arms
pca32_knn,q25,state,O3,252,0.38992525396394234,0.4121758394981018,-0.02225058553415954,-0.018848304052759224,0.39317689090524993,0.40551261333428434,True,252,1.0,3.933139534883721|2.616279069767442,MNN fixed-size requires >= native fiber size in both arms
pca32_knn,q25,heldout,O3,252,0.32933332693992323,0.3310153282227099,-0.0016820012827866342,0.0019949210209374013,0.32813181270347624,0.32757428472165084,True,252,1.0,3.933139534883721|2.616279069767442,MNN fixed-size requires >= native fiber size in both arms
pca64_knn,q25,state,O1,207,0.3968923845368149,0.4337848489198751,-0.036892464383060306,-0.03183565655814902,0.39741290721293154,0.429962968466182,True,207,1.0,2.2170542635658914|1.5116279069767442,MNN fixed-size requires >= native fiber size in both arms
pca64_knn,q25,heldout,O1,207,0.3361263858301881,0.3530210428693709,-0.01689465703918276,-0.012675420429835549,0.33396533984566923,0.3536268083665403,True,207,1.0,2.2170542635658914|1.5116279069767442,MNN fixed-size requires >= native fiber size in both arms
pca64_knn,q25,state,O2,287,0.4229548174778895,0.42125822001854085,0.0016965974593486596,0.002388133639424639,0.4243189590233875,0.41747810098917315,True,287,1.0,10.163076923076924|6.935384615384615,MNN fixed-size requires >= native fiber size in both arms
pca64_knn,q25,heldout,O2,287,0.35465429423092054,0.3457739737984303,0.008880320432490273,0.00983191367634717,0.353488839799503,0.33813296474023236,True,287,1.0,10.163076923076924|6.935384615384615,MNN fixed-size requires >= native fiber size in both arms
pca64_knn,q25,state,O3,252,0.38992525396394234,0.4092193470094765,-0.019294093045534234,-0.016202661706937738,0.39317689090524993,0.40457873831777624,True,252,1.0,3.933139534883721|2.616279069767442,MNN fixed-size requires >= native fiber size in both arms
pca64_knn,q25,heldout,O3,252,0.32933332693992323,0.3292864212738304,4.6905666092827256e-05,0.0037189311994237084,0.32813181270347624,0.32460069788857365,True,252,1.0,3.933139534883721|2.616279069767442,MNN fixed-size requires >= native fiber size in both arms
mnn_k5,q25,state,O1,161,0.38868577001480215,0.3142198582580076,0.07446591175679457,0.0769940054740334,0.3866548856308253,0.30708594384268023,True,207,0.7777777777777778,2.286363636363636|2.729357798165138,MNN fixed-size requires >= native fiber size in both arms
mnn_k5,q25,heldout,O1,161,0.3317950134426744,0.3348685320229757,-0.0030735185803012362,0.001456120082368506,0.33039214019265434,0.3358190797348318,True,207,0.7777777777777778,2.286363636363636|2.729357798165138,MNN fixed-size requires >= native fiber size in both arms
mnn_k5,q25,state,O2,211,0.41043170904683224,0.3435564109362565,0.06687529811057569,0.06584085613251578,0.41130663305784965,0.33136565635949844,True,287,0.735191637630662,2.633466135458167|2.8394160583941606,MNN fixed-size requires >= native fiber size in both arms
mnn_k5,q25,heldout,O2,211,0.3490446639281209,0.36647907770662375,-0.017434413778502803,-0.014613639534889478,0.34685858805580805,0.3634301334748107,True,287,0.735191637630662,2.633466135458167|2.8394160583941606,MNN fixed-size requires >= native fiber size in both arms
mnn_k5,q25,state,O3,191,0.38166355162114457,0.32547516888043754,0.05618838274070703,0.05597012217352093,0.3817768082454832,0.32195422483839586,True,252,0.7579365079365079,2.515267175572519|2.3076923076923075,MNN fixed-size requires >= native fiber size in both arms
mnn_k5,q25,heldout,O3,191,0.32593948860389993,0.3462291633767543,-0.020289674772854316,-0.019071427011642272,0.32185663558003347,0.3426190583170776,True,252,0.7579365079365079,2.515267175572519|2.3076923076923075,MNN fixed-size requires >= native fiber size in both arms
mnn_fixed_size,q25,state,O1,96,0.40726092823280974,0.36117479362223026,0.04608613461057951,0.04369707594364733,0.41157945301935883,0.3739752974999153,True,207,0.463768115942029,1.4210526315789473|1.3917525773195876,MNN fixed-size requires >= native fiber size in both arms
mnn_fixed_size,q25,heldout,O1,96,0.34594984077357854,0.3778869429596751,-0.03193710218609649,-0.027696383771339206,0.3453310326752834,0.3837458531201632,True,207,0.463768115942029,1.4210526315789473|1.3917525773195876,MNN fixed-size requires >= native fiber size in both arms
mnn_fixed_size,q25,state,O2,39,0.4427578976337068,0.3758798971955165,0.0668780004381904,0.06537854728640646,0.45537276117039294,0.37587023473748093,True,287,0.13588850174216027,1.7402597402597402|1.8389830508474576,MNN fixed-size requires >= native fiber size in both arms
mnn_fixed_size,q25,heldout,O2,39,0.37747398241539815,0.3885059456611785,-0.011031963245780357,-0.008050319851598431,0.3781261504713649,0.3890508408843655,True,287,0.13588850174216027,1.7402597402597402|1.8389830508474576,MNN fixed-size requires >= native fiber size in both arms
mnn_fixed_size,q25,state,O3,31,0.40615756754584564,0.3464796579294943,0.059677909616351305,0.05986130300000614,0.39941503821083213,0.34657028534977097,True,252,0.12301587301587301,1.8|1.658682634730539,MNN fixed-size requires >= native fiber size in both arms
mnn_fixed_size,q25,heldout,O3,31,0.34525560303235353,0.36513850475996373,-0.019882901727610244,-0.016616824208029346,0.3398913395350741,0.36359114385226055,True,252,0.12301587301587301,1.8|1.658682634730539,MNN fixed-size requires >= native fiber size in both arms
