lane,pair,epsilon,edges,source_endpoints,target_endpoints,genes,calibration,inequality,ties
S0,P12,0.4439262381287613,4798,656,509,14660,"pooled directional nearest distances, linear q50",<=,all threshold ties retained
S0,P13,0.4131152153174726,4355,572,631,14660,"pooled directional nearest distances, linear q50",<=,all threshold ties retained
S0,P23,0.44719654658221075,4959,545,791,14660,"pooled directional nearest distances, linear q50",<=,all threshold ties retained
S1,P12,0.4114186817791803,4325,648,517,14660,"pooled directional nearest distances, linear q50",<=,all threshold ties retained
S1,P13,0.38185645712578675,3762,544,659,14660,"pooled directional nearest distances, linear q50",<=,all threshold ties retained
S1,P23,0.41200728458753166,3657,545,791,14660,"pooled directional nearest distances, linear q50",<=,all threshold ties retained
S2,P12,0.36421043699838584,4655,642,523,14660,"pooled directional nearest distances, linear q50",<=,all threshold ties retained
S2,P13,0.33529027363422326,4244,541,662,14660,"pooled directional nearest distances, linear q50",<=,all threshold ties retained
S2,P23,0.36514757408359844,4443,534,802,14660,"pooled directional nearest distances, linear q50",<=,all threshold ties retained
S3,P12,0.37529095939985224,4605,629,536,14660,"pooled directional nearest distances, linear q50",<=,all threshold ties retained
S3,P13,0.3499947740338183,3760,566,637,14660,"pooled directional nearest distances, linear q50",<=,all threshold ties retained
S3,P23,0.3757403521970396,4453,552,784,14660,"pooled directional nearest distances, linear q50",<=,all threshold ties retained
S4,P12,0.3815810312708602,4930,633,532,14660,"pooled directional nearest distances, linear q50",<=,all threshold ties retained
S4,P13,0.35419637051099107,4369,566,637,14660,"pooled directional nearest distances, linear q50",<=,all threshold ties retained
S4,P23,0.38383580681704876,5304,548,788,14660,"pooled directional nearest distances, linear q50",<=,all threshold ties retained
S5,P12,0.43036278691572444,5200,656,509,10300,"pooled directional nearest distances, linear q50",<=,all threshold ties retained
S5,P13,0.4027645212862667,4559,575,628,10300,"pooled directional nearest distances, linear q50",<=,all threshold ties retained
S5,P23,0.434457623047363,5411,522,814,10300,"pooled directional nearest distances, linear q50",<=,all threshold ties retained
S6,P12,0.441694913729802,4880,634,531,10307,"pooled directional nearest distances, linear q50",<=,all threshold ties retained
S6,P13,0.4089744274472924,4533,537,666,10307,"pooled directional nearest distances, linear q50",<=,all threshold ties retained
S6,P23,0.4408615998978701,4692,531,805,10307,"pooled directional nearest distances, linear q50",<=,all threshold ties retained
S7,P12,0.4398923814990592,4708,656,509,10268,"pooled directional nearest distances, linear q50",<=,all threshold ties retained
S7,P13,0.4128150180390452,4559,584,619,10268,"pooled directional nearest distances, linear q50",<=,all threshold ties retained
S7,P23,0.44518032985612666,5051,537,799,10268,"pooled directional nearest distances, linear q50",<=,all threshold ties retained
S8,P12,0.4429489222129761,4516,646,519,10207,"pooled directional nearest distances, linear q50",<=,all threshold ties retained
S8,P13,0.4133010991331752,4951,576,627,10207,"pooled directional nearest distances, linear q50",<=,all threshold ties retained
S8,P23,0.44855367970762994,5185,550,786,10207,"pooled directional nearest distances, linear q50",<=,all threshold ties retained
