overlap,source,bridge_pairs,historical_exact_criterion,full_partner_coverage
O1,8,1,True,False
O1,11,1,True,True
O1,14,2,True,False
O1,25,1,True,True
O1,28,1,True,False
O1,32,1,True,False
O1,39,1,True,True
O1,48,0,False,False
O1,51,3,True,False
O1,61,2,True,False
O1,62,0,False,False
O1,63,1,True,True
O1,64,2,True,True
O1,67,1,True,False
O1,70,1,True,False
O1,74,1,True,True
O1,75,0,False,False
O1,79,0,False,False
O1,82,0,False,False
O1,85,1,True,False
O1,89,0,False,False
O1,95,0,False,False
O1,97,2,True,False
O1,98,2,True,False
O1,104,2,True,False
O1,105,0,False,False
O1,110,1,True,True
O1,111,2,True,False
O1,113,0,False,False
O1,117,0,False,False
O1,120,1,True,False
O1,130,1,True,True
O1,131,1,True,True
O1,136,2,True,True
O1,153,1,True,False
O1,158,1,True,False
O1,161,1,True,True
O1,166,1,True,False
O1,168,1,True,True
O1,169,1,True,True
O1,174,4,True,True
O1,183,2,True,False
O1,191,1,True,True
O1,192,1,True,True
O1,194,0,False,False
O1,195,1,True,True
O1,198,2,True,True
O1,202,2,True,False
O1,205,1,True,True
O1,217,1,True,False
O1,221,1,True,True
O1,224,2,True,True
O1,227,0,False,False
O1,228,2,True,False
O1,231,1,True,True
O1,241,1,True,True
O1,242,2,True,False
O1,252,2,True,False
O1,258,1,True,True
O1,262,1,True,True
O1,263,0,False,False
O1,265,0,False,False
O1,266,0,False,False
O1,270,1,True,True
O1,275,1,True,False
O1,279,1,True,False
O1,282,2,True,True
O1,288,0,False,False
O1,297,5,True,False
O1,302,1,True,True
O1,305,1,True,False
O1,311,0,False,False
O1,321,2,True,False
O1,326,0,False,False
O1,330,1,True,True
O1,333,1,True,True
O1,339,0,False,False
O1,377,0,False,False
O1,388,2,True,True
O1,410,0,False,False
O1,423,2,True,False
O1,427,1,True,False
O1,446,1,True,True
O1,448,1,True,True
O1,451,1,True,False
O1,453,2,True,True
O1,455,1,True,True
O1,462,1,True,False
O1,467,1,True,False
O1,472,2,True,True
O1,477,2,True,False
O1,478,1,True,True
O1,483,1,True,True
O1,486,2,True,False
O1,490,3,True,True
O1,491,0,False,False
O1,507,1,True,True
O1,508,3,True,False
O1,509,1,True,True
O1,515,1,True,False
O1,516,2,True,False
O1,520,1,True,True
O1,521,2,True,False
O1,522,2,True,True
O1,524,2,True,False
O1,526,2,True,False
O1,528,1,True,True
O1,529,2,True,False
O1,531,0,False,False
O1,547,1,True,True
O1,560,0,False,False
O1,575,1,True,True
O1,578,1,True,True
O1,583,1,True,False
O1,584,1,True,True
O1,594,0,False,False
O1,596,3,True,False
O1,598,2,True,False
O1,600,1,True,True
O1,601,0,False,False
O1,607,2,True,True
O1,620,1,True,True
O1,630,1,True,True
O1,643,2,True,True
O1,652,1,True,True
O1,657,0,False,False
O1,659,1,True,False
O1,664,1,True,True
O1,665,1,True,True
O1,679,1,True,True
O1,680,1,True,True
O1,683,0,False,False
O1,687,1,True,True
O1,691,1,True,True
O1,700,0,False,False
O1,713,1,True,True
O1,714,0,False,False
O1,715,3,True,True
O1,718,1,True,False
O1,719,1,True,True
O1,726,2,True,True
O1,727,1,True,False
O1,734,0,False,False
O1,743,0,False,False
O1,750,0,False,False
O1,752,2,True,False
O1,754,1,True,False
O1,757,2,True,True
O1,770,2,True,True
O1,773,1,True,False
O1,776,1,True,True
O1,777,1,True,True
O1,779,1,True,True
O1,780,1,True,True
O1,791,1,True,False
O1,794,1,True,False
O1,803,1,True,False
O1,807,1,True,True
O1,808,1,True,True
O1,809,2,True,False
O1,822,0,False,False
O1,824,2,True,False
O1,825,1,True,True
O1,832,2,True,False
O1,834,1,True,True
O1,835,2,True,True
O1,836,2,True,False
O1,837,1,True,True
O1,846,1,True,True
O1,848,1,True,True
O1,849,1,True,True
O1,854,1,True,False
O1,855,1,True,True
O1,856,2,True,False
O1,862,1,True,False
O1,863,2,True,True
O1,865,2,True,False
O1,874,0,False,False
O1,878,1,True,True
O1,880,0,False,False
O1,881,1,True,True
O1,882,0,False,False
O1,896,1,True,True
O1,901,0,False,False
O1,910,0,False,False
O1,911,1,True,False
O1,919,3,True,False
O1,920,3,True,True
O1,921,1,True,True
O1,938,1,True,True
O1,942,0,False,False
O1,948,0,False,False
O1,950,2,True,False
O1,958,2,True,True
O1,961,2,True,False
O1,963,1,True,True
O1,968,1,True,True
O1,974,1,True,True
O1,975,1,True,True
O1,983,1,True,True
O1,987,1,True,True
O1,990,1,True,False
O1,992,1,True,True
O1,1001,0,False,False
O1,1025,1,True,False
O1,1026,1,True,True
O1,1029,1,True,True
O2,1033,4,True,False
O2,1034,0,False,False
O2,1035,3,True,False
O2,1046,0,False,False
O2,1049,1,True,False
O2,1058,0,False,False
O2,1060,0,False,False
O2,1061,0,False,False
O2,1063,1,True,False
O2,1064,6,True,False
O2,1068,1,True,False
O2,1077,0,False,False
O2,1080,1,True,False
O2,1082,5,True,False
O2,1089,1,True,False
O2,1090,5,True,False
O2,1094,6,True,False
O2,1108,1,True,False
O2,1130,0,False,False
O2,1142,5,True,False
O2,1143,0,False,False
O2,1144,0,False,False
O2,1146,1,True,False
O2,1161,0,False,False
O2,1168,0,False,False
O2,1174,1,True,False
O2,1177,2,True,False
O2,1178,1,True,False
O2,1179,0,False,False
O2,1185,1,True,False
O2,1194,1,True,False
O2,1201,0,False,False
O2,1202,0,False,False
O2,1203,0,False,False
O2,1208,1,True,False
O2,1209,5,True,False
O2,1210,0,False,False
O2,1213,1,True,True
O2,1217,4,True,False
O2,1223,4,True,False
O2,1227,1,True,False
O2,1229,1,True,False
O2,1234,0,False,False
O2,1247,0,False,False
O2,1252,4,True,False
O2,1258,4,True,False
O2,1268,0,False,False
O2,1270,5,True,False
O2,1271,1,True,False
O2,1278,4,True,False
O2,1286,1,True,False
O2,1291,1,True,False
O2,1294,0,False,False
O2,1299,0,False,False
O2,1306,1,True,False
O2,1307,4,True,False
O2,1308,1,True,False
O2,1317,1,True,False
O2,1319,0,False,False
O2,1320,0,False,False
O2,1325,1,True,False
O2,1326,0,False,False
O2,1327,0,False,False
O2,1329,0,False,False
O2,1332,1,True,False
O2,1335,0,False,False
O2,1336,4,True,False
O2,1342,1,True,False
O2,1345,1,True,False
O2,1346,4,True,False
O2,1351,0,False,False
O2,1356,2,True,False
O2,1358,0,False,False
O2,1359,0,False,False
O2,1364,0,False,False
O2,1365,0,False,False
O2,1366,0,False,False
O2,1370,5,True,False
O2,1373,4,True,False
O2,1375,1,True,False
O2,1378,0,False,False
O2,1382,4,True,False
O2,1392,4,True,False
O2,1399,0,False,False
O2,1401,0,False,False
O2,1404,4,True,False
O2,1405,1,True,False
O2,1406,1,True,False
O2,1408,5,True,False
O2,1412,1,True,False
O2,1418,0,False,False
O2,1426,0,False,False
O2,1427,1,True,False
O2,1429,1,True,False
O2,1433,2,True,False
O2,1436,0,False,False
O2,1441,1,True,False
O2,1442,0,False,False
O2,1443,0,False,False
O2,1451,1,True,False
O2,1452,0,False,False
O2,1455,1,True,False
O2,1459,2,True,False
O2,1460,1,True,False
O2,1461,1,True,False
O2,1465,0,False,False
O2,1466,0,False,False
O2,1471,0,False,False
O2,1478,0,False,False
O2,1479,0,False,False
O2,1489,4,True,False
O2,1496,1,True,False
O2,1501,1,True,False
O2,1512,1,True,False
O2,1520,4,True,False
O2,1523,0,False,False
O2,1528,4,True,False
O2,1530,0,False,False
O2,1537,1,True,False
O2,1548,1,True,False
O2,1563,4,True,False
O2,1567,4,True,False
O2,1569,4,True,False
O2,1587,0,False,False
O2,1600,1,True,False
O2,1616,6,True,False
O2,1617,1,True,False
O2,1621,4,True,False
O2,1626,1,True,False
O2,1633,0,False,False
O2,1639,1,True,False
O2,1643,1,True,False
O2,1652,0,False,False
O2,1653,4,True,False
O2,1656,1,True,False
O2,1662,4,True,False
O2,1664,1,True,False
O2,1682,4,True,False
O2,1686,0,False,False
O2,1689,0,False,False
O2,1691,0,False,False
O2,1693,1,True,False
O2,1698,0,False,False
O2,1702,5,True,False
O2,1704,2,True,False
O2,1705,0,False,False
O2,1708,1,True,False
O2,1711,0,False,False
O2,1713,1,True,False
O2,1717,1,True,False
O2,1718,1,True,False
O2,1719,1,True,False
O2,1725,1,True,False
O2,1732,4,True,False
O2,1735,0,False,False
O2,1736,0,False,False
O2,1739,1,True,False
O2,1740,0,False,False
O2,1741,0,False,False
O2,1751,1,True,False
O2,1753,0,False,False
O2,1754,4,True,False
O2,1758,0,False,False
O2,1759,5,True,False
O2,1765,4,True,False
O2,1769,1,True,False
O2,1774,1,True,False
O2,1778,2,True,False
O2,1780,4,True,False
O2,1781,4,True,False
O2,1784,2,True,False
O2,1786,1,True,False
O2,1798,1,True,False
O2,1800,1,True,False
O2,1812,1,True,False
O2,1813,0,False,False
O2,1815,5,True,False
O2,1821,1,True,False
O2,1826,0,False,False
O2,1828,0,False,False
O2,1833,0,False,False
O2,1835,0,False,False
O2,1838,1,True,False
O2,1846,1,True,False
O2,1851,0,False,False
O2,1857,4,True,False
O2,1859,5,True,False
O2,1865,0,False,False
O2,1871,0,False,False
O2,1874,5,True,False
O2,1876,1,True,False
O2,1878,4,True,False
O2,1885,0,False,False
O2,1886,0,False,False
O2,1896,0,False,False
O2,1898,0,False,False
O2,1899,1,True,False
O2,1900,4,True,False
O2,1921,1,True,False
O2,1925,0,False,False
O2,1929,0,False,False
O2,1931,0,False,False
O2,1932,0,False,False
O2,1933,1,True,False
O2,1936,1,True,False
O2,1938,4,True,False
O2,1941,0,False,False
O2,1942,0,False,False
O2,1944,1,True,False
O2,1957,1,True,False
O2,1960,0,False,False
O2,1966,1,True,False
O2,1967,4,True,False
O2,1970,0,False,False
O2,1981,2,True,False
O2,1982,0,False,False
O2,1983,5,True,False
O2,1985,1,True,False
O2,1994,0,False,False
O2,1999,1,True,False
O2,2001,4,True,False
O2,2016,1,True,False
O2,2019,0,False,False
O2,2023,1,True,False
O2,2025,4,True,False
O2,2026,4,True,False
O2,2051,0,False,False
O2,2055,4,True,False
O2,2056,0,False,False
O2,2057,0,False,False
O2,2058,0,False,False
O2,2062,1,True,False
O2,2063,1,True,False
O2,2076,0,False,False
O2,2077,1,True,False
O2,2087,0,False,False
O2,2093,1,True,False
O2,2105,0,False,False
O2,2106,0,False,False
O2,2111,1,True,False
O2,2113,1,True,False
O2,2124,1,True,False
O2,2125,5,True,False
O2,2128,3,True,False
O2,2129,0,False,False
O2,2130,1,True,False
O2,2131,0,False,False
O2,2135,4,True,False
O2,2139,1,True,False
O2,2140,0,False,False
O2,2144,0,False,False
O2,2147,0,False,False
O2,2150,0,False,False
O2,2160,0,False,False
O2,2163,0,False,False
O2,2164,0,False,False
O2,2170,0,False,False
O2,2179,0,False,False
O2,2181,1,True,False
O2,2183,0,False,False
O2,2184,5,True,False
O2,2191,1,True,False
O2,2194,0,False,False
O2,2197,0,False,False
O2,2203,4,True,False
O2,2210,0,False,False
O2,2212,4,True,False
O2,2225,1,True,False
O2,2228,4,True,False
O2,2240,0,False,False
O2,2244,0,False,False
O2,2246,4,True,False
O2,2259,0,False,False
O2,2262,4,True,False
O2,2268,0,False,False
O2,2271,3,True,False
O2,2273,0,False,False
O2,2274,0,False,False
O2,2286,1,True,False
O2,2289,4,True,False
O2,2293,1,True,False
O2,2295,2,True,False
O2,2298,1,True,False
O2,2303,0,False,False
O2,2325,6,True,False
O2,2326,0,False,False
O2,2328,0,False,False
O3,2333,0,False,False
O3,2345,5,True,False
O3,2348,5,True,False
O3,2350,1,True,False
O3,2353,5,True,False
O3,2356,0,False,False
O3,2359,5,True,False
O3,2406,0,False,False
O3,2416,5,True,False
O3,2422,0,False,False
O3,2430,1,True,False
O3,2437,0,False,False
O3,2439,0,False,False
O3,2447,5,True,False
O3,2453,5,True,False
O3,2455,5,True,False
O3,2457,5,True,False
O3,2463,5,True,False
O3,2468,5,True,False
O3,2471,5,True,False
O3,2484,0,False,False
O3,2485,0,False,False
O3,2497,5,True,False
O3,2499,0,False,False
O3,2500,5,True,False
O3,2502,0,False,False
O3,2508,0,False,False
O3,2516,5,True,False
O3,2517,5,True,False
O3,2525,1,True,False
O3,2542,6,True,False
O3,2551,0,False,False
O3,2565,5,True,False
O3,2569,0,False,False
O3,2575,5,True,False
O3,2598,1,True,False
O3,2600,4,True,False
O3,2605,0,False,False
O3,2607,1,True,False
O3,2617,3,True,False
O3,2624,1,True,False
O3,2634,0,False,False
O3,2635,1,True,False
O3,2642,1,True,False
O3,2643,0,False,False
O3,2651,1,True,True
O3,2655,2,True,False
O3,2656,1,True,False
O3,2660,1,True,False
O3,2661,1,True,False
O3,2671,0,False,False
O3,2679,1,True,False
O3,2682,5,True,False
O3,2685,5,True,False
O3,2694,1,True,False
O3,2695,5,True,False
O3,2698,0,False,False
O3,2699,5,True,False
O3,2705,5,True,False
O3,2710,0,False,False
O3,2711,0,False,False
O3,2713,6,True,False
O3,2717,2,True,False
O3,2726,5,True,False
O3,2730,1,True,False
O3,2739,2,True,False
O3,2741,3,True,False
O3,2753,1,True,False
O3,2757,5,True,False
O3,2758,5,True,False
O3,2766,0,False,False
O3,2777,6,True,False
O3,2783,5,True,False
O3,2788,5,True,False
O3,2790,1,True,False
O3,2791,5,True,False
O3,2792,1,True,False
O3,2793,0,False,False
O3,2800,1,True,False
O3,2805,0,False,False
O3,2806,0,False,False
O3,2807,1,True,False
O3,2809,1,True,False
O3,2810,6,True,False
O3,2811,2,True,False
O3,2812,2,True,False
O3,2813,0,False,False
O3,2815,1,True,False
O3,2817,5,True,False
O3,2818,5,True,False
O3,2824,0,False,False
O3,2837,0,False,False
O3,2841,1,True,False
O3,2847,5,True,False
O3,2848,5,True,False
O3,2854,0,False,False
O3,2857,5,True,False
O3,2858,5,True,False
O3,2888,1,True,False
O3,2893,0,False,False
O3,2898,5,True,False
O3,2918,1,True,False
O3,2930,2,True,False
O3,2947,6,True,False
O3,2949,5,True,False
O3,2950,0,False,False
O3,2951,0,False,False
O3,2953,0,False,False
O3,2963,5,True,False
O3,2969,1,True,False
O3,2973,6,True,False
O3,2978,1,True,False
O3,2983,1,True,False
O3,2984,1,True,False
O3,2988,5,True,False
O3,2990,1,True,False
O3,2991,1,True,False
O3,2992,0,False,False
O3,2996,5,True,False
O3,2999,1,True,False
O3,3001,5,True,False
O3,3002,0,False,False
O3,3005,0,False,False
O3,3007,5,True,False
O3,3008,6,True,False
O3,3014,7,True,False
O3,3019,0,False,False
O3,3020,1,True,False
O3,3025,1,True,False
O3,3029,5,True,False
O3,3030,5,True,False
O3,3039,1,True,False
O3,3040,0,False,False
O3,3053,0,False,False
O3,3056,6,True,False
O3,3059,1,True,False
O3,3063,5,True,False
O3,3066,5,True,False
O3,3070,0,False,False
O3,3071,1,True,False
O3,3074,0,False,False
O3,3081,5,True,False
O3,3086,5,True,False
O3,3087,6,True,False
O3,3088,5,True,False
O3,3090,5,True,False
O3,3091,7,True,False
O3,3094,1,True,False
O3,3103,1,True,False
O3,3109,0,False,False
O3,3114,1,True,False
O3,3125,0,False,False
O3,3143,1,True,False
O3,3145,5,True,False
O3,3146,1,True,False
O3,3147,0,False,False
O3,3149,5,True,False
O3,3150,5,True,False
O3,3156,5,True,False
O3,3158,5,True,False
O3,3162,0,False,False
O3,3166,1,True,False
O3,3177,1,True,False
O3,3178,1,True,False
O3,3187,1,True,False
O3,3193,6,True,False
O3,3196,0,False,False
O3,3198,5,True,False
O3,3203,1,True,False
O3,3209,5,True,False
O3,3220,5,True,False
O3,3246,0,False,False
O3,3256,0,False,False
O3,3260,8,True,False
O3,3263,5,True,False
O3,3264,5,True,False
O3,3269,1,True,False
O3,3273,5,True,False
O3,3280,6,True,False
O3,3285,1,True,False
O3,3297,5,True,False
O3,3314,0,False,False
O3,3319,1,True,False
O3,3322,0,False,False
O3,3323,0,False,False
O3,3325,1,True,False
O3,3336,1,True,False
O3,3339,3,True,False
O3,3340,2,True,False
O3,3341,0,False,False
O3,3356,5,True,False
O3,3363,5,True,False
O3,3365,5,True,False
O3,3373,5,True,False
O3,3376,1,True,False
O3,3377,2,True,False
O3,3378,0,False,False
O3,3380,1,True,False
O3,3390,5,True,False
O3,3393,5,True,False
O3,3407,1,True,False
O3,3413,5,True,False
O3,3414,5,True,False
O3,3417,5,True,False
O3,3418,0,False,False
O3,3419,0,False,False
O3,3420,5,True,False
O3,3428,6,True,False
O3,3430,1,True,False
O3,3431,1,True,False
O3,3433,1,True,False
O3,3448,1,True,False
O3,3449,1,True,False
O3,3452,6,True,False
O3,3453,5,True,False
O3,3454,5,True,False
O3,3457,6,True,False
O3,3458,1,True,False
O3,3471,1,True,False
O3,3472,5,True,False
O3,3475,5,True,False
O3,3485,0,False,False
O3,3490,1,True,False
O3,3500,1,True,False
O3,3507,1,True,False
O3,3527,0,False,False
O3,3530,0,False,False
O3,3531,0,False,False
O3,3532,1,True,False
O3,3554,5,True,False
O3,3555,6,True,False
O3,3565,0,False,False
O3,3568,5,True,False
O3,3574,0,False,False
O3,3590,5,True,False
O3,3600,0,False,False
O3,3602,1,True,False
O3,3603,0,False,False
O3,3605,1,True,False
O3,3610,5,True,False
O3,3617,0,False,False
O3,3618,5,True,False
O3,3646,0,False,False
O3,3653,0,False,False
O3,3670,5,True,False
O3,3672,5,True,False
O3,3679,1,True,False
O3,3680,1,True,False
O3,3692,5,True,False
O3,3697,1,True,False
O3,3702,1,True,False
O3,3703,0,False,False
