level,owner,bank,family,panel,metric,scale,offset,direction,role,independent_bank_available,component,observed,null_mean,null_sd,null95_lo,null95_hi,absolute_effect,relative_effect,Z,conditional_tail,maxT_tail,T_sum,T_min,sum_tail,min_tail,original_Z,original_maxT_tail,calibration_mu,calibration_sigma,standardization
R0,rmmo_paper3_referee05,retention/R0,retention/R0,state,defect,q25,0,-1,publication_primary,True,O1,0.3234300847728346,0.5246218620225123,0.004420370765109335,0.5159216356546635,0.5329968510371373,0.20119177724967768,0.3834986526753707,44.704348279351635,0.000975609756097561,0.000975609756097561,124.10030716238799,36.136425376686105,0.000975609756097561,0.000975609756097561,45.51458074329516,0.000975609756097561,0.5245327481470637,0.004498493414423243,independent_calibration
R0,rmmo_paper3_referee05,retention/R0,retention/R0,state,defect,q25,0,-1,publication_primary,True,O2,0.23925545247174965,0.3268289806432682,0.0025915150568051066,0.3218681341074845,0.3317547362628261,0.08757352817151856,0.2679490906808675,36.136425376686105,0.000975609756097561,0.000975609756097561,124.10030716238799,36.136425376686105,0.000975609756097561,0.000975609756097561,33.79227530197269,0.000975609756097561,0.32688460255128615,0.002424943469140631,independent_calibration
R0,rmmo_paper3_referee05,retention/R0,retention/R0,state,defect,q25,0,-1,publication_primary,True,O3,0.28312542496476145,0.4214851323014575,0.003165878183192491,0.4153138200031455,0.42760218130481015,0.13835970733669606,0.3282671124867519,43.259533506350245,0.000975609756097561,0.000975609756097561,124.10030716238799,36.136425376686105,0.000975609756097561,0.000975609756097561,43.703283037992115,0.000975609756097561,0.42170513987360614,0.003203439128467879,independent_calibration
R0,rmmo_paper3_referee05,retention/R0,retention/R0,state,source_error,q25,3,-1,publication_primary,True,O1,0.3968923845368149,0.5120468097236104,0.0026229851009285064,0.5067602886031927,0.5169055107671382,0.11515442518679547,0.22489042603146547,42.676904876868605,0.000975609756097561,0.000975609756097561,122.25940464396301,38.43089612299423,0.000975609756097561,0.000975609756097561,43.9018834408163,0.000975609756097561,0.5119882629116028,0.0026969025035393853,independent_calibration
R0,rmmo_paper3_referee05,retention/R0,retention/R0,state,source_error,q25,3,-1,publication_primary,True,O2,0.4229548174778895,0.4778620117500372,0.001479773959588295,0.47502590410762857,0.48086825374291703,0.054907194272147686,0.11490177691895889,38.43089612299423,0.000975609756097561,0.000975609756097561,122.25940464396301,38.43089612299423,0.000975609756097561,0.000975609756097561,37.104871908074976,0.000975609756097561,0.477841462685792,0.001428180616014867,independent_calibration
R0,rmmo_paper3_referee05,retention/R0,retention/R0,state,source_error,q25,3,-1,publication_primary,True,O3,0.38992525396394234,0.4699938565591977,0.00186525586267568,0.46652269415089487,0.4739857599585367,0.08006860259525533,0.17036095573979138,41.15160364410018,0.000975609756097561,0.000975609756097561,122.25940464396301,38.43089612299423,0.000975609756097561,0.000975609756097561,42.926107316626066,0.000975609756097561,0.46999527554212694,0.001945722717263476,independent_calibration
R0,rmmo_paper3_referee05,retention/R0,retention/R0,heldout,defect,q25,6,-1,publication_primary,True,O1,0.2581352373880937,0.38998321190318364,0.0031457733706121024,0.38385950929564155,0.3957472309396051,0.13184797451508995,0.3380862829239486,43.51404652802471,0.000975609756097561,0.000975609756097561,98.40446244348608,22.52131799814591,0.000975609756097561,0.000975609756097561,41.91260458263378,0.000975609756097561,0.38985654525414065,0.003027088566464358,independent_calibration
R0,rmmo_paper3_referee05,retention/R0,retention/R0,heldout,defect,q25,6,-1,publication_primary,True,O2,0.19419104175363566,0.23271749502386171,0.0017472810470772467,0.2290855479424677,0.23596104757837577,0.03852645327022605,0.1655503092549004,22.52131799814591,0.000975609756097561,0.000975609756097561,98.40446244348608,22.52131799814591,0.000975609756097561,0.000975609756097561,22.04924779685134,0.000975609756097561,0.23274422488933358,0.0017118428826275551,independent_calibration
R0,rmmo_paper3_referee05,retention/R0,retention/R0,heldout,defect,q25,6,-1,publication_primary,True,O3,0.23147256170434924,0.3061625721227275,0.0023020333588419342,0.30164997566884577,0.3104019826754156,0.07469001041837828,0.24395539239341849,32.36909791731547,0.000975609756097561,0.000975609756097561,98.40446244348608,22.52131799814591,0.000975609756097561,0.000975609756097561,32.445092804833976,0.000975609756097561,0.30619673383098994,0.002308493385467158,independent_calibration
R0,rmmo_paper3_referee05,retention/R0,retention/R0,heldout,source_error,q25,9,-1,publication_primary,True,O1,0.3361263858301881,0.3957567960742692,0.0018362522053821787,0.39229352844074966,0.39947060341570756,0.05963041024408111,0.15067438092178875,33.70277913085439,0.000975609756097561,0.000975609756097561,84.84442294316523,22.95419007957986,0.000975609756097561,0.000975609756097561,32.47379925878849,0.000975609756097561,0.3958095133175816,0.0017708566473962812,independent_calibration
R0,rmmo_paper3_referee05,retention/R0,retention/R0,heldout,source_error,q25,9,-1,publication_primary,True,O2,0.35465429423092054,0.3765119080144333,0.0010022074240425471,0.37461392164504964,0.37857325072139764,0.021857613783512753,0.058052914976263796,22.95419007957986,0.000975609756097561,0.000975609756097561,84.84442294316523,22.95419007957986,0.000975609756097561,0.000975609756097561,21.80925342062785,0.000975609756097561,0.37653410622386213,0.0009531846854620654,independent_calibration
R0,rmmo_paper3_referee05,retention/R0,retention/R0,heldout,source_error,q25,9,-1,publication_primary,True,O3,0.32933332693992323,0.36893104967630336,0.0013628033338392589,0.3664231085647795,0.37170716542875376,0.039597722736380125,0.10733095729167495,28.18745373273098,0.000975609756097561,0.000975609756097561,84.84442294316523,22.95419007957986,0.000975609756097561,0.000975609756097561,29.055866825742843,0.000975609756097561,0.3689296905473678,0.001404741347279931,independent_calibration
R1,rmmo_paper3_referee05,retention/R1,retention/R1,state,defect,q25,0,-1,publication_primary,True,O1,0.3234300847728346,0.5105766242042779,0.004377801176458125,0.5021407389525547,0.5190707113736384,0.18714653943144327,0.3665395761568735,42.470725551057754,0.000975609756097561,0.000975609756097561,115.09278506045644,33.35099714281755,0.000975609756097561,0.000975609756097561,42.748883377572824,0.000975609756097561,0.5105177243749301,0.004405086385207294,independent_calibration
R1,rmmo_paper3_referee05,retention/R1,retention/R1,state,defect,q25,0,-1,publication_primary,True,O2,0.23925545247174965,0.31731913148460333,0.0023550561396965984,0.31291553758203566,0.3218900624292477,0.07806367901285369,0.24600999834969428,33.35099714281755,0.000975609756097561,0.000975609756097561,115.09278506045644,33.35099714281755,0.000975609756097561,0.000975609756097561,33.147128098453564,0.000975609756097561,0.31725679285693764,0.002338790847577846,independent_calibration
R1,rmmo_paper3_referee05,retention/R1,retention/R1,state,defect,q25,0,-1,publication_primary,True,O3,0.28312542496476145,0.4076256250682678,0.0030702706048636765,0.401951038185389,0.4139215737592897,0.12450020010350638,0.30542780543459574,39.271062366581134,0.000975609756097561,0.000975609756097561,115.09278506045644,33.35099714281755,0.000975609756097561,0.000975609756097561,40.55010473840202,0.000975609756097561,0.4076055881612383,0.003169758162483094,independent_calibration
R1,rmmo_paper3_referee05,retention/R1,retention/R1,state,source_error,q25,3,-1,publication_primary,True,O1,0.3968923845368149,0.4925242302992787,0.002586335537164136,0.4875291315506093,0.49757056694875784,0.09563184576246381,0.19416678384402292,35.293140112212996,0.000975609756097561,0.000975609756097561,101.61773364180006,32.80630588976936,0.000975609756097561,0.000975609756097561,36.975664847676065,0.000975609756097561,0.49251714845092154,0.0027094333538662716,independent_calibration
R1,rmmo_paper3_referee05,retention/R1,retention/R1,state,source_error,q25,3,-1,publication_primary,True,O2,0.4229548174778895,0.4674878106434296,0.0013436051426931454,0.46484154260043037,0.4700983251145736,0.0445329931655401,0.0952602231580046,32.80630588976936,0.000975609756097561,0.000975609756097561,101.61773364180006,32.80630588976936,0.000975609756097561,0.000975609756097561,33.14415843533742,0.000975609756097561,0.46739954180115423,0.001354751626395882,independent_calibration
R1,rmmo_paper3_referee05,retention/R1,retention/R1,state,source_error,q25,3,-1,publication_primary,True,O3,0.38992525396394234,0.4495508814848398,0.0016812786162151367,0.4461287388032197,0.4525976008481824,0.05962562752089745,0.13263376844898525,33.5182876398177,0.000975609756097561,0.000975609756097561,101.61773364180006,32.80630588976936,0.000975609756097561,0.000975609756097561,35.46424269208743,0.000975609756097561,0.4496591500358171,0.0017821185118668914,independent_calibration
R1,rmmo_paper3_referee05,retention/R1,retention/R1,heldout,defect,q25,6,-1,publication_primary,True,O1,0.2581352373880937,0.3786459002331529,0.0032747089420418845,0.37216968767417313,0.3850029988040189,0.12051066284505924,0.3182674439914819,38.74531852635314,0.000975609756097561,0.000975609756097561,87.31277921833254,19.671342796964215,0.000975609756097561,0.000975609756097561,36.8003071341192,0.000975609756097561,0.37856643091356934,0.0031082672862884787,independent_calibration
R1,rmmo_paper3_referee05,retention/R1,retention/R1,heldout,defect,q25,6,-1,publication_primary,True,O2,0.19419104175363566,0.22566414649385383,0.001597329860395942,0.22262028831481787,0.2287483067137664,0.031473104740218166,0.13946878681977673,19.671342796964215,0.000975609756097561,0.000975609756097561,87.31277921833254,19.671342796964215,0.000975609756097561,0.000975609756097561,19.703449166050827,0.000975609756097561,0.22559881656840158,0.0015966158703809958,independent_calibration
R1,rmmo_paper3_referee05,retention/R1,retention/R1,heldout,defect,q25,6,-1,publication_primary,True,O3,0.23147256170434924,0.2984773933497709,0.002342420498358545,0.2937506237977079,0.3031333643768714,0.06700483164542168,0.22448879928035964,28.896117895015188,0.000975609756097561,0.000975609756097561,87.31277921833254,19.671342796964215,0.000975609756097561,0.000975609756097561,28.604832327949634,0.000975609756097561,0.29861189858339965,0.00232346255513629,independent_calibration
R1,rmmo_paper3_referee05,retention/R1,retention/R1,heldout,source_error,q25,9,-1,publication_primary,True,O1,0.3361263858301881,0.3853311255149547,0.001844691869885452,0.3816601098645324,0.3889416761349979,0.049204739684766574,0.1276946927632944,25.47348863502155,0.000975609756097561,0.000975609756097561,66.1856887797086,18.14555740004127,0.000975609756097561,0.000975609756097561,26.673545730086985,0.000975609756097561,0.3853231180264419,0.0019312815047143165,independent_calibration
R1,rmmo_paper3_referee05,retention/R1,retention/R1,heldout,source_error,q25,9,-1,publication_primary,True,O2,0.35465429423092054,0.3714317459447904,0.0009628778501828535,0.3696818251340112,0.3733939556780221,0.01677745171386985,0.04516967625153842,18.14555740004127,0.000975609756097561,0.000975609756097561,66.1856887797086,18.14555740004127,0.000975609756097561,0.000975609756097561,17.424097428048128,0.000975609756097561,0.37148504747176847,0.000927531263670944,independent_calibration
R1,rmmo_paper3_referee05,retention/R1,retention/R1,heldout,source_error,q25,9,-1,publication_primary,True,O3,0.32933332693992323,0.35950536847782905,0.001320346046966217,0.3569530347208165,0.3621539660407784,0.030172041537905814,0.08392653958313989,22.56664274464578,0.000975609756097561,0.000975609756097561,66.1856887797086,18.14555740004127,0.000975609756097561,0.000975609756097561,22.851443447570173,0.000975609756097561,0.3594860193147659,0.0013361520829485946,independent_calibration
R2,rmmo_paper3_referee05,retention/R2,retention/R2,state,defect,q25,0,-1,publication_primary,True,O1,0.3234300847728346,0.42573184231945466,0.0034100760329221647,0.41914832521622825,0.43250493735989143,0.10230175754662008,0.24029623198787262,29.319836335763497,0.000975609756097561,0.000975609756097561,72.88568173788457,17.68147720934693,0.000975609756097561,0.000975609756097561,29.99975852777997,0.000975609756097561,0.4256223322212165,0.003485420350909931,independent_calibration
R2,rmmo_paper3_referee05,retention/R2,retention/R2,state,defect,q25,0,-1,publication_primary,True,O2,0.23925545247174965,0.2730096828961661,0.0019369851067075824,0.2691613655573875,0.27671191255270705,0.03375423042441647,0.12363748445235266,17.68147720934693,0.000975609756097561,0.000975609756097561,72.88568173788457,17.68147720934693,0.000975609756097561,0.000975609756097561,17.42607934709262,0.000975609756097561,0.27309940946594374,0.0019140810339947855,independent_calibration
R2,rmmo_paper3_referee05,retention/R2,retention/R2,state,defect,q25,0,-1,publication_primary,True,O3,0.28312542496476145,0.34634014907664257,0.0023198138354141988,0.3419281483939267,0.35079613001811477,0.06321472411188112,0.18252207917682728,25.884368192774147,0.000975609756097561,0.000975609756097561,72.88568173788457,17.68147720934693,0.000975609756097561,0.000975609756097561,27.249795069285632,0.000975609756097561,0.3462502990783401,0.0024387157067066647,independent_calibration
R2,rmmo_paper3_referee05,retention/R2,retention/R2,state,source_error,q25,3,-1,publication_primary,True,O1,0.3968923845368149,0.4498141564940733,0.001986608947021493,0.4461366995702452,0.45388258880855037,0.05292177195725839,0.11765252647835614,26.84533500532633,0.000975609756097561,0.000975609756097561,77.71673711870949,23.10955175835574,0.000975609756097561,0.000975609756097561,26.639115687788635,0.000975609756097561,0.44979055980585403,0.0019704692381448657,independent_calibration
R2,rmmo_paper3_referee05,retention/R2,retention/R2,state,source_error,q25,3,-1,publication_primary,True,O2,0.4229548174778895,0.4511705435055844,0.0010214168341554906,0.44918605416511376,0.4531739300356209,0.0282157260276949,0.06253893662573665,27.76185035502742,0.000975609756097561,0.000975609756097561,77.71673711870949,23.10955175835574,0.000975609756097561,0.000975609756097561,27.623834702779753,0.000975609756097561,0.4511671818087101,0.001016217807946225,independent_calibration
R2,rmmo_paper3_referee05,retention/R2,retention/R2,state,source_error,q25,3,-1,publication_primary,True,O3,0.38992525396394234,0.42317313131746637,0.0013874435526928658,0.4202930329934643,0.42596414517423287,0.033247877353524025,0.07856802545571193,23.10955175835574,0.000975609756097561,0.000975609756097561,77.71673711870949,23.10955175835574,0.000975609756097561,0.000975609756097561,23.9632363108619,0.000975609756097561,0.4231405945226147,0.0014372892131559918,independent_calibration
R2,rmmo_paper3_referee05,retention/R2,retention/R2,heldout,defect,q25,6,-1,publication_primary,True,O1,0.2581352373880937,0.3448518466296069,0.0026192002067960208,0.33975704253981853,0.3498994314809926,0.0867166092415132,0.2514604752418578,32.245859418951,0.000975609756097561,0.000975609756097561,66.17940743624916,11.245589273942873,0.000975609756097561,0.000975609756097561,33.107922768669376,0.000975609756097561,0.344813218174626,0.002688024443752223,independent_calibration
R2,rmmo_paper3_referee05,retention/R2,retention/R2,heldout,defect,q25,6,-1,publication_primary,True,O2,0.19419104175363566,0.20892581915498915,0.001375805031992864,0.20648067713080615,0.2118135537771014,0.014734777401353483,0.07052635936022184,11.245589273942873,0.000975609756097561,0.000975609756097561,66.17940743624916,11.245589273942873,0.000975609756097561,0.000975609756097561,10.709853475005431,0.000975609756097561,0.20888473160508197,0.001306608043172982,independent_calibration
R2,rmmo_paper3_referee05,retention/R2,retention/R2,heldout,defect,q25,6,-1,publication_primary,True,O3,0.23147256170434924,0.2720813938187369,0.0018779613535127835,0.26846502781644865,0.2758688373889751,0.04060883211438768,0.149252514273143,22.687958743355303,0.000975609756097561,0.000975609756097561,66.17940743624916,11.245589273942873,0.000975609756097561,0.000975609756097561,21.62377612333012,0.000975609756097561,0.2719225971721196,0.0017828756233977895,independent_calibration
R2,rmmo_paper3_referee05,retention/R2,retention/R2,heldout,source_error,q25,9,-1,publication_primary,True,O1,0.3361263858301881,0.3685853625457548,0.0015575902407591194,0.3655670641389124,0.3715201862588568,0.03245897671556669,0.08806366181059985,20.313156773237278,0.000975609756097561,0.000975609756097561,51.65663308924613,14.238777919536368,0.000975609756097561,0.000975609756097561,20.83909328349059,0.000975609756097561,0.36861303555013925,0.0015992810448440251,independent_calibration
R2,rmmo_paper3_referee05,retention/R2,retention/R2,heldout,source_error,q25,9,-1,publication_primary,True,O2,0.35465429423092054,0.36580263722267253,0.0007873601660841851,0.36428013991454194,0.3673238553699034,0.011148342991751992,0.030476387694727682,14.238777919536368,0.000975609756097561,0.000975609756097561,51.65663308924613,14.238777919536368,0.000975609756097561,0.000975609756097561,14.158960387330724,0.000975609756097561,0.36579398189053897,0.0007823385781272124,independent_calibration
R2,rmmo_paper3_referee05,retention/R2,retention/R2,heldout,source_error,q25,9,-1,publication_primary,True,O3,0.32933332693992323,0.3474965293144245,0.0010976376351837071,0.34529413022964717,0.34958330603703747,0.018163202374501253,0.05226873031030098,17.10469839647249,0.000975609756097561,0.000975609756097561,51.65663308924613,14.238777919536368,0.000975609756097561,0.000975609756097561,16.54738897283861,0.000975609756097561,0.3473952050045162,0.0010559500436052053,independent_calibration
R3,rmmo_paper3_referee05,retention/R3,retention/R3,state,defect,q25,0,-1,publication_primary,True,O1,0.3234300847728346,0.37398986054114863,0.0029176613597565884,0.36832592617227466,0.37983352861853625,0.05055977576831405,0.13519023134786606,17.415485820147794,0.000975609756097561,0.000975609756097561,39.645624042579456,11.041492483465674,0.000975609756097561,0.000975609756097561,17.32881107368175,0.000975609756097561,0.37392308373672073,0.0028993061307892613,independent_calibration
R3,rmmo_paper3_referee05,retention/R3,retention/R3,state,defect,q25,0,-1,publication_primary,True,O2,0.23925545247174965,0.2600727153908075,0.0018468305165410285,0.2566907271979902,0.2639035040805451,0.02081726291905786,0.08004400956777054,11.041492483465674,0.000975609756097561,0.000975609756097561,39.645624042579456,11.041492483465674,0.000975609756097561,0.000975609756097561,11.27182489912382,0.000975609756097561,0.26014384901809745,0.0018917991533031059,independent_calibration
R3,rmmo_paper3_referee05,retention/R3,retention/R3,state,defect,q25,0,-1,publication_primary,True,O3,0.28312542496476145,0.3062010685270862,0.002154235731564936,0.3020325652125732,0.31066778885639135,0.02307564356232472,0.07536108111354771,11.188645738965988,0.000975609756097561,0.000975609756097561,39.645624042579456,11.041492483465674,0.000975609756097561,0.000975609756097561,10.711704437525608,0.000975609756097561,0.3062566731506551,0.002067375877214424,independent_calibration
R3,rmmo_paper3_referee05,retention/R3,retention/R3,state,source_error,q25,3,-1,publication_primary,True,O1,0.3968923845368149,0.43078001508894737,0.0016032749403216138,0.4276861330722041,0.4339508098637658,0.03388763055213245,0.07866574438262959,21.71999116006373,0.000975609756097561,0.000975609756097561,61.17392017981665,15.699416293012321,0.000975609756097561,0.000975609756097561,21.136374265035325,0.000975609756097561,0.4308023330630292,0.0015612221513539126,independent_calibration
R3,rmmo_paper3_referee05,retention/R3,retention/R3,state,source_error,q25,3,-1,publication_primary,True,O2,0.4229548174778895,0.4473606868057724,0.0009557268789735703,0.44544422969733305,0.4492833906231844,0.024405869327882912,0.0545552393129239,23.754512726740597,0.000975609756097561,0.000975609756097561,61.17392017981665,15.699416293012321,0.000975609756097561,0.000975609756097561,25.536180370160043,0.000975609756097561,0.44738298236869345,0.0010283489131805272,independent_calibration
R3,rmmo_paper3_referee05,retention/R3,retention/R3,state,source_error,q25,3,-1,publication_primary,True,O3,0.38992525396394234,0.4076380410360779,0.001097418022545742,0.405489894953773,0.4097983843553322,0.017712787072135583,0.04345224264917885,15.699416293012321,0.000975609756097561,0.000975609756097561,61.17392017981665,15.699416293012321,0.000975609756097561,0.000975609756097561,16.140272262272486,0.000975609756097561,0.40763783873047743,0.0011282220588198436,independent_calibration
R3,rmmo_paper3_referee05,retention/R3,retention/R3,heldout,defect,q25,6,-1,publication_primary,True,O1,0.2581352373880937,0.30497536879683984,0.0022392297918468946,0.30050461440147175,0.30937675651964264,0.046840131408746155,0.15358660469380014,21.417951495420745,0.000975609756097561,0.000975609756097561,41.277280326812246,5.312546719199924,0.000975609756097561,0.000975609756097561,20.91787202928948,0.000975609756097561,0.3049560191328973,0.0021860432159116214,independent_calibration
R3,rmmo_paper3_referee05,retention/R3,retention/R3,heldout,defect,q25,6,-1,publication_primary,True,O2,0.19419104175363566,0.20075056321662646,0.0012098614485159026,0.19845711684859094,0.20304318253030218,0.006559521462990797,0.032674984109073366,5.312546719199924,0.000975609756097561,0.000975609756097561,41.277280326812246,5.312546719199924,0.000975609756097561,0.000975609756097561,5.421668121052928,0.000975609756097561,0.2007052940140471,0.0012261914067318162,independent_calibration
R3,rmmo_paper3_referee05,retention/R3,retention/R3,heldout,defect,q25,6,-1,publication_primary,True,O3,0.23147256170434924,0.2537509513533154,0.0015722533603391479,0.25064324378722475,0.2568966364517977,0.02227838964896614,0.08779628029037954,14.54678211219158,0.000975609756097561,0.000975609756097561,41.277280326812246,5.312546719199924,0.000975609756097561,0.000975609756097561,14.169629726765713,0.000975609756097561,0.2537566079345606,0.001531878362549628,independent_calibration
R3,rmmo_paper3_referee05,retention/R3,retention/R3,heldout,source_error,q25,9,-1,publication_primary,True,O1,0.3361263858301881,0.355019058632798,0.0011537459825646077,0.35283517822876675,0.35725194098807417,0.018892672802609867,0.05321593966072359,15.659601355233312,0.000975609756097561,0.000975609756097561,40.81447264147979,12.553696575039615,0.000975609756097561,0.000975609756097561,16.374929437518148,0.000975609756097561,0.3549546679435063,0.0012023374727232379,independent_calibration
R3,rmmo_paper3_referee05,retention/R3,retention/R3,heldout,source_error,q25,9,-1,publication_primary,True,O2,0.35465429423092054,0.3634602946692974,0.0006797006676159022,0.36208683108358597,0.3647787688363202,0.00880600043837687,0.024228232265065458,12.601174711206859,0.000975609756097561,0.000975609756097561,40.81447264147979,12.553696575039615,0.000975609756097561,0.000975609756097561,12.955513070383432,0.000975609756097561,0.3634432125450152,0.0006974581738424153,independent_calibration
R3,rmmo_paper3_referee05,retention/R3,retention/R3,heldout,source_error,q25,9,-1,publication_primary,True,O3,0.32933332693992323,0.340330841289543,0.0008880668098580587,0.33869305298050406,0.3421100006220567,0.010997514349619764,0.03231418671299148,12.553696575039615,0.000975609756097561,0.000975609756097561,40.81447264147979,12.553696575039615,0.000975609756097561,0.000975609756097561,12.383517087195978,0.000975609756097561,0.34032676539362466,0.0008757032521077156,independent_calibration
