level,panel,metric,T_sum,T_min,sum_tail,min_tail,componentwise_family_supported
R0,state,defect,123.01013908325996,33.79227530197269,0.000975609756097561,0.000975609756097561,True
R0,state,source_error,123.93286266551735,37.104871908074976,0.000975609756097561,0.000975609756097561,True
R0,heldout,defect,96.4069451843191,22.04924779685134,0.000975609756097561,0.000975609756097561,True
R0,heldout,source_error,83.33891950515918,21.80925342062785,0.000975609756097561,0.000975609756097561,True
R1,state,defect,116.4461162144284,33.147128098453564,0.000975609756097561,0.000975609756097561,True
R1,state,source_error,105.58406597510091,33.14415843533742,0.000975609756097561,0.000975609756097561,True
R1,heldout,defect,85.10858862811966,19.703449166050827,0.000975609756097561,0.000975609756097561,True
R1,heldout,source_error,66.94908660570529,17.424097428048128,0.000975609756097561,0.000975609756097561,True
R2,state,defect,74.67563294415822,17.42607934709262,0.000975609756097561,0.000975609756097561,True
R2,state,source_error,78.2261867014303,23.9632363108619,0.000975609756097561,0.000975609756097561,True
R2,heldout,defect,65.44155236700493,10.709853475005431,0.000975609756097561,0.000975609756097561,True
R2,heldout,source_error,51.545442643659925,14.158960387330724,0.000975609756097561,0.000975609756097561,True
R3,state,defect,39.312340410331174,10.711704437525608,0.000975609756097561,0.000975609756097561,True
R3,state,source_error,62.81282689746786,16.140272262272486,0.000975609756097561,0.000975609756097561,True
R3,heldout,defect,40.50916987710812,5.421668121052928,0.000975609756097561,0.000975609756097561,True
R3,heldout,source_error,41.713959595097556,12.383517087195978,0.000975609756097561,0.000975609756097561,True
