panel,metric,component,observed,null_mean,null_sd,null95_lo,null95_hi,absolute_effect,relative_effect,Z,conditional_tail,maxT_tail,T_sum,T_min,sum_tail,min_tail
state,defect,O1,0.3234300847728346,0.5246218620225123,0.004420370765109335,0.5159216356546635,0.5329968510371373,0.20119177724967768,0.3834986526753707,45.51458074329516,0.000975609756097561,0.000975609756097561,123.01013908325996,33.79227530197269,0.000975609756097561,0.000975609756097561
state,defect,O2,0.23925545247174965,0.3268289806432682,0.0025915150568051066,0.3218681341074845,0.3317547362628261,0.08757352817151856,0.2679490906808675,33.79227530197269,0.000975609756097561,0.000975609756097561,123.01013908325996,33.79227530197269,0.000975609756097561,0.000975609756097561
state,defect,O3,0.28312542496476145,0.4214851323014575,0.003165878183192491,0.4153138200031455,0.42760218130481015,0.13835970733669606,0.3282671124867519,43.703283037992115,0.000975609756097561,0.000975609756097561,123.01013908325996,33.79227530197269,0.000975609756097561,0.000975609756097561
state,source_error,O1,0.3968923845368149,0.5120468097236104,0.0026229851009285064,0.5067602886031927,0.5169055107671382,0.11515442518679547,0.22489042603146547,43.9018834408163,0.000975609756097561,0.000975609756097561,123.93286266551735,37.104871908074976,0.000975609756097561,0.000975609756097561
state,source_error,O2,0.4229548174778895,0.4778620117500372,0.001479773959588295,0.47502590410762857,0.48086825374291703,0.054907194272147686,0.11490177691895889,37.104871908074976,0.000975609756097561,0.000975609756097561,123.93286266551735,37.104871908074976,0.000975609756097561,0.000975609756097561
state,source_error,O3,0.38992525396394234,0.4699938565591977,0.00186525586267568,0.46652269415089487,0.4739857599585367,0.08006860259525533,0.17036095573979138,42.926107316626066,0.000975609756097561,0.000975609756097561,123.93286266551735,37.104871908074976,0.000975609756097561,0.000975609756097561
heldout,defect,O1,0.2581352373880937,0.38998321190318364,0.0031457733706121024,0.38385950929564155,0.3957472309396051,0.13184797451508995,0.3380862829239486,41.91260458263378,0.000975609756097561,0.000975609756097561,96.4069451843191,22.04924779685134,0.000975609756097561,0.000975609756097561
heldout,defect,O2,0.19419104175363566,0.23271749502386171,0.0017472810470772467,0.2290855479424677,0.23596104757837577,0.03852645327022605,0.1655503092549004,22.04924779685134,0.000975609756097561,0.000975609756097561,96.4069451843191,22.04924779685134,0.000975609756097561,0.000975609756097561
heldout,defect,O3,0.23147256170434924,0.3061625721227275,0.0023020333588419342,0.30164997566884577,0.3104019826754156,0.07469001041837828,0.24395539239341849,32.445092804833976,0.000975609756097561,0.000975609756097561,96.4069451843191,22.04924779685134,0.000975609756097561,0.000975609756097561
heldout,source_error,O1,0.3361263858301881,0.3957567960742692,0.0018362522053821787,0.39229352844074966,0.39947060341570756,0.05963041024408111,0.15067438092178875,32.47379925878849,0.000975609756097561,0.000975609756097561,83.33891950515918,21.80925342062785,0.000975609756097561,0.000975609756097561
heldout,source_error,O2,0.35465429423092054,0.3765119080144333,0.0010022074240425471,0.37461392164504964,0.37857325072139764,0.021857613783512753,0.058052914976263796,21.80925342062785,0.000975609756097561,0.000975609756097561,83.33891950515918,21.80925342062785,0.000975609756097561,0.000975609756097561
heldout,source_error,O3,0.32933332693992323,0.36893104967630336,0.0013628033338392589,0.3664231085647795,0.37170716542875376,0.039597722736380125,0.10733095729167495,29.055866825742843,0.000975609756097561,0.000975609756097561,83.33891950515918,21.80925342062785,0.000975609756097561,0.000975609756097561
