claim,component,referee04_effect,strict_effect,strict_over_referee04,effect_change,referee04_maxT,strict_maxT,sign_preserved,magnitude
D,P12,0.18459164569921088,0.1683068433268758,0.9117793098888618,-0.016284802372335094,0.000975609756097561,0.000975609756097561,True,weakens
D,P13,0.1950959082805374,0.17314319047442941,0.8874773028323015,-0.021952717806107996,0.000975609756097561,0.000975609756097561,True,weakens
D,P23,0.1665232129879887,0.16205450026805962,0.9731646258816097,-0.004468712719929074,0.000975609756097561,0.000975609756097561,True,weakens
E,O1,0.22416463782598536,0.25145567551715114,1.1217455079259704,0.02729103769116578,0.000975609756097561,0.000975609756097561,True,strengthens
E,O2,0.1436136339632181,0.07032747506602983,0.4896991540792143,-0.07328615889718827,0.000975609756097561,0.000975609756097561,True,weakens
E,O3,0.11689521374987984,0.1488171688153125,1.2730817972901434,0.031921955065432675,0.000975609756097561,0.000975609756097561,True,strengthens
F,O1,0.017624829321640157,0.01989196989053289,1.1286333346847839,0.0022671405688927324,0.055609756097560976,0.12195121951219512,True,strengthens
F,O2,0.0195393044350342,0.03314603374142628,1.696377363464129,0.01360672930639208,0.001951219512195122,0.000975609756097561,True,strengthens
F,O3,0.0213445124821322,0.03830416030670424,1.79456712064842,0.01695964782457204,0.04097560975609756,0.000975609756097561,True,strengthens
J,O1,-0.0702821278410822,0.22818768613908427,-3.2467384404616886,0.2984698139801665,0.9980487804878049,0.000975609756097561,False,strengthens
J,O2,0.21676741937524285,0.2920880009848232,1.3474718748171006,0.07532058160958033,0.002926829268292683,0.000975609756097561,True,strengthens
J,O3,0.21881758669240706,0.2039583265292792,0.9320929346322807,-0.014859260163127858,0.002926829268292683,0.000975609756097561,True,weakens
K,O1,0.1364081045249733,0.24028067584126914,1.761483869877241,0.10387257131629585,0.000975609756097561,0.000975609756097561,True,strengthens
K,O2,0.15677149378873273,0.12399713680292158,0.7909418594302718,-0.032774356985811146,0.000975609756097561,0.000975609756097561,True,weakens
K,O3,0.1192991952282472,0.18232711065816537,1.5283180268679186,0.06302791542991817,0.000975609756097561,0.000975609756097561,True,strengthens
L,O1,0.05113434903476847,0.06829179212704814,1.3355365505995507,0.01715744309227967,0.000975609756097561,0.000975609756097561,True,strengthens
L,O2,0.059456596393218125,0.08534183990040736,1.4353636951566542,0.025885243507189237,0.000975609756097561,0.000975609756097561,True,strengthens
L,O3,0.061760872237160966,0.0793357004227554,1.2845624996698122,0.01757482818559443,0.000975609756097561,0.000975609756097561,True,strengthens
