K,singletonMax,medianMin,recurrentMin,largestFractionMax,passesDiagnosticGates,certifiesBiologicalIdentity
8,0.2,3,80,0.2,False,False
8,0.2,3,80,0.25,False,False
8,0.2,3,80,0.3,False,False
8,0.2,3,100,0.2,False,False
8,0.2,3,100,0.25,False,False
8,0.2,3,100,0.3,False,False
8,0.2,3,120,0.2,False,False
8,0.2,3,120,0.25,False,False
8,0.2,3,120,0.3,False,False
8,0.2,4,80,0.2,False,False
8,0.2,4,80,0.25,False,False
8,0.2,4,80,0.3,False,False
8,0.2,4,100,0.2,False,False
8,0.2,4,100,0.25,False,False
8,0.2,4,100,0.3,False,False
8,0.2,4,120,0.2,False,False
8,0.2,4,120,0.25,False,False
8,0.2,4,120,0.3,False,False
8,0.2,5,80,0.2,False,False
8,0.2,5,80,0.25,False,False
8,0.2,5,80,0.3,False,False
8,0.2,5,100,0.2,False,False
8,0.2,5,100,0.25,False,False
8,0.2,5,100,0.3,False,False
8,0.2,5,120,0.2,False,False
8,0.2,5,120,0.25,False,False
8,0.2,5,120,0.3,False,False
8,0.25,3,80,0.2,False,False
8,0.25,3,80,0.25,False,False
8,0.25,3,80,0.3,False,False
8,0.25,3,100,0.2,False,False
8,0.25,3,100,0.25,False,False
8,0.25,3,100,0.3,False,False
8,0.25,3,120,0.2,False,False
8,0.25,3,120,0.25,False,False
8,0.25,3,120,0.3,False,False
8,0.25,4,80,0.2,False,False
8,0.25,4,80,0.25,False,False
8,0.25,4,80,0.3,False,False
8,0.25,4,100,0.2,False,False
8,0.25,4,100,0.25,False,False
8,0.25,4,100,0.3,False,False
8,0.25,4,120,0.2,False,False
8,0.25,4,120,0.25,False,False
8,0.25,4,120,0.3,False,False
8,0.25,5,80,0.2,False,False
8,0.25,5,80,0.25,False,False
8,0.25,5,80,0.3,False,False
8,0.25,5,100,0.2,False,False
8,0.25,5,100,0.25,False,False
8,0.25,5,100,0.3,False,False
8,0.25,5,120,0.2,False,False
8,0.25,5,120,0.25,False,False
8,0.25,5,120,0.3,False,False
8,0.3,3,80,0.2,False,False
8,0.3,3,80,0.25,False,False
8,0.3,3,80,0.3,False,False
8,0.3,3,100,0.2,False,False
8,0.3,3,100,0.25,False,False
8,0.3,3,100,0.3,False,False
8,0.3,3,120,0.2,False,False
8,0.3,3,120,0.25,False,False
8,0.3,3,120,0.3,False,False
8,0.3,4,80,0.2,False,False
8,0.3,4,80,0.25,False,False
8,0.3,4,80,0.3,False,False
8,0.3,4,100,0.2,False,False
8,0.3,4,100,0.25,False,False
8,0.3,4,100,0.3,False,False
8,0.3,4,120,0.2,False,False
8,0.3,4,120,0.25,False,False
8,0.3,4,120,0.3,False,False
8,0.3,5,80,0.2,False,False
8,0.3,5,80,0.25,False,False
8,0.3,5,80,0.3,False,False
8,0.3,5,100,0.2,False,False
8,0.3,5,100,0.25,False,False
8,0.3,5,100,0.3,False,False
8,0.3,5,120,0.2,False,False
8,0.3,5,120,0.25,False,False
8,0.3,5,120,0.3,False,False
16,0.2,3,80,0.2,False,False
16,0.2,3,80,0.25,False,False
16,0.2,3,80,0.3,False,False
16,0.2,3,100,0.2,False,False
16,0.2,3,100,0.25,False,False
16,0.2,3,100,0.3,False,False
16,0.2,3,120,0.2,False,False
16,0.2,3,120,0.25,False,False
16,0.2,3,120,0.3,False,False
16,0.2,4,80,0.2,False,False
16,0.2,4,80,0.25,False,False
16,0.2,4,80,0.3,False,False
16,0.2,4,100,0.2,False,False
16,0.2,4,100,0.25,False,False
16,0.2,4,100,0.3,False,False
16,0.2,4,120,0.2,False,False
16,0.2,4,120,0.25,False,False
16,0.2,4,120,0.3,False,False
16,0.2,5,80,0.2,False,False
16,0.2,5,80,0.25,False,False
16,0.2,5,80,0.3,False,False
16,0.2,5,100,0.2,False,False
16,0.2,5,100,0.25,False,False
16,0.2,5,100,0.3,False,False
16,0.2,5,120,0.2,False,False
16,0.2,5,120,0.25,False,False
16,0.2,5,120,0.3,False,False
16,0.25,3,80,0.2,False,False
16,0.25,3,80,0.25,False,False
16,0.25,3,80,0.3,False,False
16,0.25,3,100,0.2,False,False
16,0.25,3,100,0.25,False,False
16,0.25,3,100,0.3,False,False
16,0.25,3,120,0.2,False,False
16,0.25,3,120,0.25,False,False
16,0.25,3,120,0.3,False,False
16,0.25,4,80,0.2,False,False
16,0.25,4,80,0.25,False,False
16,0.25,4,80,0.3,False,False
16,0.25,4,100,0.2,False,False
16,0.25,4,100,0.25,False,False
16,0.25,4,100,0.3,False,False
16,0.25,4,120,0.2,False,False
16,0.25,4,120,0.25,False,False
16,0.25,4,120,0.3,False,False
16,0.25,5,80,0.2,False,False
16,0.25,5,80,0.25,False,False
16,0.25,5,80,0.3,False,False
16,0.25,5,100,0.2,False,False
16,0.25,5,100,0.25,False,False
16,0.25,5,100,0.3,False,False
16,0.25,5,120,0.2,False,False
16,0.25,5,120,0.25,False,False
16,0.25,5,120,0.3,False,False
16,0.3,3,80,0.2,False,False
16,0.3,3,80,0.25,False,False
16,0.3,3,80,0.3,False,False
16,0.3,3,100,0.2,False,False
16,0.3,3,100,0.25,False,False
16,0.3,3,100,0.3,False,False
16,0.3,3,120,0.2,False,False
16,0.3,3,120,0.25,False,False
16,0.3,3,120,0.3,False,False
16,0.3,4,80,0.2,False,False
16,0.3,4,80,0.25,False,False
16,0.3,4,80,0.3,False,False
16,0.3,4,100,0.2,False,False
16,0.3,4,100,0.25,False,False
16,0.3,4,100,0.3,False,False
16,0.3,4,120,0.2,False,False
16,0.3,4,120,0.25,False,False
16,0.3,4,120,0.3,False,False
16,0.3,5,80,0.2,False,False
16,0.3,5,80,0.25,False,False
16,0.3,5,80,0.3,False,False
16,0.3,5,100,0.2,False,False
16,0.3,5,100,0.25,False,False
16,0.3,5,100,0.3,False,False
16,0.3,5,120,0.2,False,False
16,0.3,5,120,0.25,False,False
16,0.3,5,120,0.3,False,False
32,0.2,3,80,0.2,False,False
32,0.2,3,80,0.25,False,False
32,0.2,3,80,0.3,False,False
32,0.2,3,100,0.2,False,False
32,0.2,3,100,0.25,False,False
32,0.2,3,100,0.3,False,False
32,0.2,3,120,0.2,False,False
32,0.2,3,120,0.25,False,False
32,0.2,3,120,0.3,False,False
32,0.2,4,80,0.2,False,False
32,0.2,4,80,0.25,False,False
32,0.2,4,80,0.3,False,False
32,0.2,4,100,0.2,False,False
32,0.2,4,100,0.25,False,False
32,0.2,4,100,0.3,False,False
32,0.2,4,120,0.2,False,False
32,0.2,4,120,0.25,False,False
32,0.2,4,120,0.3,False,False
32,0.2,5,80,0.2,False,False
32,0.2,5,80,0.25,False,False
32,0.2,5,80,0.3,False,False
32,0.2,5,100,0.2,False,False
32,0.2,5,100,0.25,False,False
32,0.2,5,100,0.3,False,False
32,0.2,5,120,0.2,False,False
32,0.2,5,120,0.25,False,False
32,0.2,5,120,0.3,False,False
32,0.25,3,80,0.2,True,False
32,0.25,3,80,0.25,True,False
32,0.25,3,80,0.3,True,False
32,0.25,3,100,0.2,False,False
32,0.25,3,100,0.25,False,False
32,0.25,3,100,0.3,False,False
32,0.25,3,120,0.2,False,False
32,0.25,3,120,0.25,False,False
32,0.25,3,120,0.3,False,False
32,0.25,4,80,0.2,True,False
32,0.25,4,80,0.25,True,False
32,0.25,4,80,0.3,True,False
32,0.25,4,100,0.2,False,False
32,0.25,4,100,0.25,False,False
32,0.25,4,100,0.3,False,False
32,0.25,4,120,0.2,False,False
32,0.25,4,120,0.25,False,False
32,0.25,4,120,0.3,False,False
32,0.25,5,80,0.2,True,False
32,0.25,5,80,0.25,True,False
32,0.25,5,80,0.3,True,False
32,0.25,5,100,0.2,False,False
32,0.25,5,100,0.25,False,False
32,0.25,5,100,0.3,False,False
32,0.25,5,120,0.2,False,False
32,0.25,5,120,0.25,False,False
32,0.25,5,120,0.3,False,False
32,0.3,3,80,0.2,True,False
32,0.3,3,80,0.25,True,False
32,0.3,3,80,0.3,True,False
32,0.3,3,100,0.2,False,False
32,0.3,3,100,0.25,False,False
32,0.3,3,100,0.3,False,False
32,0.3,3,120,0.2,False,False
32,0.3,3,120,0.25,False,False
32,0.3,3,120,0.3,False,False
32,0.3,4,80,0.2,True,False
32,0.3,4,80,0.25,True,False
32,0.3,4,80,0.3,True,False
32,0.3,4,100,0.2,False,False
32,0.3,4,100,0.25,False,False
32,0.3,4,100,0.3,False,False
32,0.3,4,120,0.2,False,False
32,0.3,4,120,0.25,False,False
32,0.3,4,120,0.3,False,False
32,0.3,5,80,0.2,True,False
32,0.3,5,80,0.25,True,False
32,0.3,5,80,0.3,True,False
32,0.3,5,100,0.2,False,False
32,0.3,5,100,0.25,False,False
32,0.3,5,100,0.3,False,False
32,0.3,5,120,0.2,False,False
32,0.3,5,120,0.25,False,False
32,0.3,5,120,0.3,False,False
64,0.2,3,80,0.2,False,False
64,0.2,3,80,0.25,False,False
64,0.2,3,80,0.3,False,False
64,0.2,3,100,0.2,False,False
64,0.2,3,100,0.25,False,False
64,0.2,3,100,0.3,False,False
64,0.2,3,120,0.2,False,False
64,0.2,3,120,0.25,False,False
64,0.2,3,120,0.3,False,False
64,0.2,4,80,0.2,False,False
64,0.2,4,80,0.25,False,False
64,0.2,4,80,0.3,False,False
64,0.2,4,100,0.2,False,False
64,0.2,4,100,0.25,False,False
64,0.2,4,100,0.3,False,False
64,0.2,4,120,0.2,False,False
64,0.2,4,120,0.25,False,False
64,0.2,4,120,0.3,False,False
64,0.2,5,80,0.2,False,False
64,0.2,5,80,0.25,False,False
64,0.2,5,80,0.3,False,False
64,0.2,5,100,0.2,False,False
64,0.2,5,100,0.25,False,False
64,0.2,5,100,0.3,False,False
64,0.2,5,120,0.2,False,False
64,0.2,5,120,0.25,False,False
64,0.2,5,120,0.3,False,False
64,0.25,3,80,0.2,False,False
64,0.25,3,80,0.25,False,False
64,0.25,3,80,0.3,False,False
64,0.25,3,100,0.2,False,False
64,0.25,3,100,0.25,False,False
64,0.25,3,100,0.3,False,False
64,0.25,3,120,0.2,False,False
64,0.25,3,120,0.25,False,False
64,0.25,3,120,0.3,False,False
64,0.25,4,80,0.2,False,False
64,0.25,4,80,0.25,False,False
64,0.25,4,80,0.3,False,False
64,0.25,4,100,0.2,False,False
64,0.25,4,100,0.25,False,False
64,0.25,4,100,0.3,False,False
64,0.25,4,120,0.2,False,False
64,0.25,4,120,0.25,False,False
64,0.25,4,120,0.3,False,False
64,0.25,5,80,0.2,False,False
64,0.25,5,80,0.25,False,False
64,0.25,5,80,0.3,False,False
64,0.25,5,100,0.2,False,False
64,0.25,5,100,0.25,False,False
64,0.25,5,100,0.3,False,False
64,0.25,5,120,0.2,False,False
64,0.25,5,120,0.25,False,False
64,0.25,5,120,0.3,False,False
64,0.3,3,80,0.2,True,False
64,0.3,3,80,0.25,True,False
64,0.3,3,80,0.3,True,False
64,0.3,3,100,0.2,True,False
64,0.3,3,100,0.25,True,False
64,0.3,3,100,0.3,True,False
64,0.3,3,120,0.2,True,False
64,0.3,3,120,0.25,True,False
64,0.3,3,120,0.3,True,False
64,0.3,4,80,0.2,True,False
64,0.3,4,80,0.25,True,False
64,0.3,4,80,0.3,True,False
64,0.3,4,100,0.2,True,False
64,0.3,4,100,0.25,True,False
64,0.3,4,100,0.3,True,False
64,0.3,4,120,0.2,True,False
64,0.3,4,120,0.25,True,False
64,0.3,4,120,0.3,True,False
64,0.3,5,80,0.2,True,False
64,0.3,5,80,0.25,True,False
64,0.3,5,80,0.3,True,False
64,0.3,5,100,0.2,True,False
64,0.3,5,100,0.25,True,False
64,0.3,5,100,0.3,True,False
64,0.3,5,120,0.2,True,False
64,0.3,5,120,0.25,True,False
64,0.3,5,120,0.3,True,False
128,0.2,3,80,0.2,False,False
128,0.2,3,80,0.25,False,False
128,0.2,3,80,0.3,False,False
128,0.2,3,100,0.2,False,False
128,0.2,3,100,0.25,False,False
128,0.2,3,100,0.3,False,False
128,0.2,3,120,0.2,False,False
128,0.2,3,120,0.25,False,False
128,0.2,3,120,0.3,False,False
128,0.2,4,80,0.2,False,False
128,0.2,4,80,0.25,False,False
128,0.2,4,80,0.3,False,False
128,0.2,4,100,0.2,False,False
128,0.2,4,100,0.25,False,False
128,0.2,4,100,0.3,False,False
128,0.2,4,120,0.2,False,False
128,0.2,4,120,0.25,False,False
128,0.2,4,120,0.3,False,False
128,0.2,5,80,0.2,False,False
128,0.2,5,80,0.25,False,False
128,0.2,5,80,0.3,False,False
128,0.2,5,100,0.2,False,False
128,0.2,5,100,0.25,False,False
128,0.2,5,100,0.3,False,False
128,0.2,5,120,0.2,False,False
128,0.2,5,120,0.25,False,False
128,0.2,5,120,0.3,False,False
128,0.25,3,80,0.2,False,False
128,0.25,3,80,0.25,False,False
128,0.25,3,80,0.3,False,False
128,0.25,3,100,0.2,False,False
128,0.25,3,100,0.25,False,False
128,0.25,3,100,0.3,False,False
128,0.25,3,120,0.2,False,False
128,0.25,3,120,0.25,False,False
128,0.25,3,120,0.3,False,False
128,0.25,4,80,0.2,False,False
128,0.25,4,80,0.25,False,False
128,0.25,4,80,0.3,False,False
128,0.25,4,100,0.2,False,False
128,0.25,4,100,0.25,False,False
128,0.25,4,100,0.3,False,False
128,0.25,4,120,0.2,False,False
128,0.25,4,120,0.25,False,False
128,0.25,4,120,0.3,False,False
128,0.25,5,80,0.2,False,False
128,0.25,5,80,0.25,False,False
128,0.25,5,80,0.3,False,False
128,0.25,5,100,0.2,False,False
128,0.25,5,100,0.25,False,False
128,0.25,5,100,0.3,False,False
128,0.25,5,120,0.2,False,False
128,0.25,5,120,0.25,False,False
128,0.25,5,120,0.3,False,False
128,0.3,3,80,0.2,False,False
128,0.3,3,80,0.25,False,False
128,0.3,3,80,0.3,False,False
128,0.3,3,100,0.2,False,False
128,0.3,3,100,0.25,False,False
128,0.3,3,100,0.3,False,False
128,0.3,3,120,0.2,False,False
128,0.3,3,120,0.25,False,False
128,0.3,3,120,0.3,False,False
128,0.3,4,80,0.2,False,False
128,0.3,4,80,0.25,False,False
128,0.3,4,80,0.3,False,False
128,0.3,4,100,0.2,False,False
128,0.3,4,100,0.25,False,False
128,0.3,4,100,0.3,False,False
128,0.3,4,120,0.2,False,False
128,0.3,4,120,0.25,False,False
128,0.3,4,120,0.3,False,False
128,0.3,5,80,0.2,False,False
128,0.3,5,80,0.25,False,False
128,0.3,5,80,0.3,False,False
128,0.3,5,100,0.2,False,False
128,0.3,5,100,0.25,False,False
128,0.3,5,100,0.3,False,False
128,0.3,5,120,0.2,False,False
128,0.3,5,120,0.25,False,False
128,0.3,5,120,0.3,False,False
