stage,k,rootCount,minimum,q05,q25,median,q75,q95,maximum
E9.5,16,26417,2.2360556122215987,2.2360619454018043,2.236065564348871,2.23606797749979,2.2360726797811683,2.828433072713932,5.656866145427864
E9.5,32,26417,3.162264011588017,3.1622741864571604,3.16227683569657,3.1622776601683795,3.1622810713292773,4.123105625617661,7.211102488176637
E9.5,64,26417,4.4721238908036085,4.472130585301135,4.47213595499958,4.47213695212678,4.472145359562337,6.082740341138393,9.486837981591373
E10.5,16,64219,2.23606797749979,2.23606797749979,2.23606797749979,2.23606797749979,2.23606797749979,2.23606797749979,4.123105625617661
E10.5,32,64219,3.1622776601683795,3.1622776601683795,3.1622776601683795,3.1622776601683795,3.1622776601683795,4.0,6.324555320336759
E10.5,64,64219,4.47213595499958,4.47213595499958,4.47213595499958,4.47213595499958,4.47213595499958,5.656854249492381,10.63014581273465
E11.5,16,119110,2.2360546244661634,2.236061937211698,2.236066871691705,2.2360677439603522,2.23606797749979,2.23607036092044,5.385168628205922
E11.5,32,119110,3.1622666110520736,3.1622733074539933,3.1622742376007285,3.1622776601683795,3.162281416724759,3.6055559790508975,7.071070763609517
E11.5,64,119110,4.4721215045306995,4.47213374338341,4.4721354879207045,4.47213595499958,4.472138499918696,5.3851688140758185,9.433981132056603
E12.5,16,273313,2.2360493790262117,2.2360648996659305,2.236067352804843,2.23606797749979,2.23606949637433,2.2360726797811683,4.123084423919936
E12.5,32,273313,3.1622666110520736,3.162273654571368,3.16227683569657,3.1622776601683795,3.1622792483226676,3.162284310198479,5.830945341050148
E12.5,64,273313,4.472120918591196,4.472131042430062,4.4721354879207045,4.47213595499958,4.472137412334879,5.099018492460478,8.062260582506099
E13.5,16,299932,2.236053136770429,2.2360546244661634,2.236063503451055,2.236067296108748,2.2360710900550615,2.236073530688956,3.6055563412953173
E13.5,32,299932,3.1622587761271266,3.1622677448827385,3.162273869858485,3.162276740855102,3.1622768438692264,3.1622867253590154,5.09902931851159
E13.5,64,299932,4.472109248932327,4.472127231109773,4.47213356699552,4.472134654894274,4.472138499918696,4.999997981503431,7.810250675004306
E14.5,16,710484,2.2360475282917815,2.236058745339134,2.236067327447137,2.23606797749979,2.23606797749979,2.236073530688956,10.000009393233585
E14.5,32,710484,3.16226460392157,3.162276096319589,3.162276740855102,3.1622776601683795,3.1622776601683795,3.1622819682953756,10.77033773607766
E14.5,64,710484,4.472120918591196,4.472134060157926,4.472134654894274,4.47213595499958,4.47213595499958,5.0,12.041603122967732
E15.5,16,504992,2.236053136770429,2.236064523214353,2.23606797749979,2.23606797749979,2.23606797749979,2.2360729359802494,4.0
E15.5,32,504992,3.162270672357345,3.162276740855102,3.1622776601683795,3.1622776601683795,3.1622776601683795,3.1622780929600824,5.830951894845301
E15.5,64,504992,4.472121058952205,4.472134654894274,4.47213595499958,4.47213595499958,4.47213595499958,5.0,8.48528137423857
E16.5,16,2100930,2.2360475282917815,2.2360617190040832,2.23606797749979,2.23606797749979,2.23606797749979,2.236069249959348,8.06225774829855
E16.5,32,2100930,3.1622587761271266,3.162273869858485,3.1622776601683795,3.1622776601683795,3.1622776601683795,3.1622782328905013,9.219544457292887
E16.5,64,2100930,4.472109248932327,4.472134060157926,4.47213595499958,4.47213595499958,4.47213595499958,5.0,11.180339887498949
