bank,panel,metric,offset,direction,T_sum,T_min,sum_tail,min_tail
edge_agreement,heldout,edge_distance,0,-1,28.785396559176068,6.714331300060523,0.000975609756097561,0.000975609756097561
matched_coherence/q25,state,defect,0,-1,75.46588251474682,18.95497751080275,0.000975609756097561,0.000975609756097561
matched_coherence/q25,heldout,defect,6,-1,63.089955451523,10.607129907913539,0.000975609756097561,0.000975609756097561
source_fidelity/q25,state,source_error,3,-1,16.086689652271172,3.5035842115665883,0.000975609756097561,0.000975609756097561
source_fidelity/q25,heldout,source_error,9,-1,11.525304814686004,1.708257310790089,0.000975609756097561,0.000975609756097561
spatial_overlap/S1,spatial,overlap_size,0,1,14.431598217570674,3.9502337587994676,0.000975609756097561,0.000975609756097561
retention/R0,state,defect,0,-1,123.01013908325996,33.79227530197269,0.000975609756097561,0.000975609756097561
retention/R0,state,source_error,3,-1,123.93286266551735,37.104871908074976,0.000975609756097561,0.000975609756097561
retention/R0,heldout,defect,6,-1,96.4069451843191,22.04924779685134,0.000975609756097561,0.000975609756097561
retention/R0,heldout,source_error,9,-1,83.33891950515918,21.80925342062785,0.000975609756097561,0.000975609756097561
retention/R1,state,defect,0,-1,116.4461162144284,33.147128098453564,0.000975609756097561,0.000975609756097561
retention/R1,state,source_error,3,-1,105.58406597510091,33.14415843533742,0.000975609756097561,0.000975609756097561
retention/R1,heldout,defect,6,-1,85.10858862811966,19.703449166050827,0.000975609756097561,0.000975609756097561
retention/R1,heldout,source_error,9,-1,66.94908660570529,17.424097428048128,0.000975609756097561,0.000975609756097561
retention/R2,state,defect,0,-1,74.67563294415822,17.42607934709262,0.000975609756097561,0.000975609756097561
retention/R2,state,source_error,3,-1,78.2261867014303,23.9632363108619,0.000975609756097561,0.000975609756097561
retention/R2,heldout,defect,6,-1,65.44155236700493,10.709853475005431,0.000975609756097561,0.000975609756097561
retention/R2,heldout,source_error,9,-1,51.545442643659925,14.158960387330724,0.000975609756097561,0.000975609756097561
retention/R3,state,defect,0,-1,39.312340410331174,10.711704437525608,0.000975609756097561,0.000975609756097561
retention/R3,state,source_error,3,-1,62.81282689746786,16.140272262272486,0.000975609756097561,0.000975609756097561
retention/R3,heldout,defect,6,-1,40.50916987710812,5.421668121052928,0.000975609756097561,0.000975609756097561
retention/R3,heldout,source_error,9,-1,41.713959595097556,12.383517087195978,0.000975609756097561,0.000975609756097561
