analysis,K,control,witnessSurvival,controlSurvival,ratio,difference
historical_annotation,8,C0,0.1359776019713544,0.4085228043140327,0.3328519253648029,-0.2725452023426783
historical_annotation,8,C1,0.1359776019713544,0.1359764168739569,1.00000871546276,1.1850973974936174e-06
historical_annotation,8,C2,0.1359776019713544,0.4084985554926996,0.33287168373789877,-0.2725209535213452
historical_annotation,8,C3,0.1359776019713544,0.6258402912196401,0.21727204828305427,-0.48986268924828574
historical_annotation,8,C3A,0.1373218315290354,0.1531967494574965,0.8963756216455134,-0.015874917928461102
historical_annotation,16,C0,0.06288943278734296,0.22801486507241356,0.27581286319806547,-0.1651254322850706
historical_annotation,16,C1,0.06288943278734296,0.06289558327951247,0.999902211063976,-6.1504921695099135e-06
historical_annotation,16,C2,0.06288943278734296,0.22798566369141282,0.2758481904917766,-0.16509623090406986
historical_annotation,16,C3,0.06288943278734296,0.36833787530806167,0.17073843610230144,-0.3054484425207187
historical_annotation,16,C3A,0.0633966850082706,0.06986668139052994,0.9073951094643474,-0.006469996382259341
historical_annotation,32,C0,0.03133777246686979,0.12402104964170754,0.2526810775864542,-0.09268327717483775
historical_annotation,32,C1,0.03133777246686979,0.03135251274115473,0.9995298534951048,-1.474027428493424e-05
historical_annotation,32,C2,0.03133777246686979,0.12397663302692659,0.2527716046302331,-0.0926388605600568
historical_annotation,32,C3,0.03133777246686979,0.2174369366839908,0.14412350056427692,-0.18609916421712103
historical_annotation,32,C3A,0.03157889270031862,0.041586582364715706,0.7593529187700658,-0.010007689664397086
historical_annotation,64,C0,0.022088083372716876,0.07930887566663732,0.2785070799081901,-0.057220792293920436
historical_annotation,64,C1,0.022088083372716876,0.022082962981909798,1.000231870642145,5.12039080707849e-06
historical_annotation,64,C2,0.022088083372716876,0.07929376496717438,0.27856015390189615,-0.057205681594457505
historical_annotation,64,C3,0.022088083372716876,0.12546140620427523,0.17605480474810908,-0.10337332283155835
historical_annotation,64,C3A,0.02233451657885375,0.016741022591567324,1.3341190155315805,0.005593493987286424
historical_annotation,128,C0,0.012584802691656965,0.05249300990726359,0.2397424478781045,-0.039908207215606624
historical_annotation,128,C1,0.012584802691656965,0.012587045906524366,0.999821783849518,-2.2432148674006447e-06
historical_annotation,128,C2,0.012584802691656965,0.05248108367973835,0.23979692889831936,-0.03989628098808138
historical_annotation,128,C3,0.012584802691656965,0.07502149511038188,0.16774929202811117,-0.06243669241872491
historical_annotation,128,C3A,0.012727895943640467,0.012292740451457614,1.0353993882732027,0.00043515549218285307
