S0,sameS0Pairs,witnessPairs,witnessFraction,cumulativeWitnessShare
Mesoderm|G2/M|donor,926841,596119,0.6431728851011123,0.7634887030071096
Epiblast|G2/M|donor,309291,153947,0.49774160903485715,0.9606587233584748
Epiblast|S|donor,49770,23767,0.47753666867590916,0.9910986791464466
Mesoderm|S|donor,19306,6831,0.35382782554646225,0.9998475888947377
Endoderm|G2/M|donor,6441,113,0.017543859649122806,0.9999923154064574
Mesoderm|G0/G1|donor,21,6,0.2857142857142857,1.0
Ectoderm|G2/M|donor,220116,0,0.0,1.0
Ectoderm|S|donor,23871,0,0.0,1.0
Endoderm|S|donor,465,0,0.0,1.0
Primordial germ cell|G2/M|donor,6,0,0.0,1.0
Primordial germ cell|S|donor,3,0,0.0,1.0
