reference,draw,overlap,size
S1,0,O1,156
S1,0,O2,219
S1,0,O3,239
S1,1,O1,174
S1,1,O2,204
S1,1,O3,211
S1,2,O1,155
S1,2,O2,229
S1,2,O3,225
S1,3,O1,164
S1,3,O2,222
S1,3,O3,192
S1,4,O1,170
S1,4,O2,221
S1,4,O3,220
S1,5,O1,173
S1,5,O2,201
S1,5,O3,220
S1,6,O1,178
S1,6,O2,216
S1,6,O3,207
S1,7,O1,168
S1,7,O2,225
S1,7,O3,196
S1,8,O1,168
S1,8,O2,218
S1,8,O3,211
S1,9,O1,161
S1,9,O2,219
S1,9,O3,214
S1,10,O1,171
S1,10,O2,221
S1,10,O3,214
S1,11,O1,172
S1,11,O2,228
S1,11,O3,214
S1,12,O1,165
S1,12,O2,225
S1,12,O3,205
S1,13,O1,161
S1,13,O2,225
S1,13,O3,211
S1,14,O1,167
S1,14,O2,226
S1,14,O3,215
S1,15,O1,168
S1,15,O2,216
S1,15,O3,201
S1,16,O1,170
S1,16,O2,223
S1,16,O3,212
S1,17,O1,168
S1,17,O2,224
S1,17,O3,207
S1,18,O1,165
S1,18,O2,216
S1,18,O3,206
S1,19,O1,169
S1,19,O2,221
S1,19,O3,208
S1,20,O1,173
S1,20,O2,227
S1,20,O3,198
S1,21,O1,160
S1,21,O2,235
S1,21,O3,205
S1,22,O1,171
S1,22,O2,219
S1,22,O3,209
S1,23,O1,170
S1,23,O2,223
S1,23,O3,192
S1,24,O1,167
S1,24,O2,249
S1,24,O3,212
S1,25,O1,156
S1,25,O2,212
S1,25,O3,194
S1,26,O1,169
S1,26,O2,208
S1,26,O3,206
S1,27,O1,169
S1,27,O2,222
S1,27,O3,185
S1,28,O1,168
S1,28,O2,202
S1,28,O3,210
S1,29,O1,169
S1,29,O2,222
S1,29,O3,192
S1,30,O1,167
S1,30,O2,241
S1,30,O3,224
S1,31,O1,154
S1,31,O2,228
S1,31,O3,221
S1,32,O1,171
S1,32,O2,228
S1,32,O3,200
S1,33,O1,169
S1,33,O2,223
S1,33,O3,175
S1,34,O1,192
S1,34,O2,217
S1,34,O3,197
S1,35,O1,168
S1,35,O2,231
S1,35,O3,225
S1,36,O1,173
S1,36,O2,224
S1,36,O3,220
S1,37,O1,164
S1,37,O2,209
S1,37,O3,226
S1,38,O1,161
S1,38,O2,218
S1,38,O3,196
S1,39,O1,181
S1,39,O2,245
S1,39,O3,212
S1,40,O1,172
S1,40,O2,234
S1,40,O3,217
S1,41,O1,176
S1,41,O2,243
S1,41,O3,205
S1,42,O1,153
S1,42,O2,210
S1,42,O3,224
S1,43,O1,178
S1,43,O2,234
S1,43,O3,207
S1,44,O1,179
S1,44,O2,242
S1,44,O3,216
S1,45,O1,163
S1,45,O2,235
S1,45,O3,225
S1,46,O1,184
S1,46,O2,197
S1,46,O3,218
S1,47,O1,174
S1,47,O2,221
S1,47,O3,206
S1,48,O1,165
S1,48,O2,228
S1,48,O3,204
S1,49,O1,176
S1,49,O2,220
S1,49,O3,206
S1,50,O1,167
S1,50,O2,202
S1,50,O3,207
S1,51,O1,162
S1,51,O2,230
S1,51,O3,208
S1,52,O1,171
S1,52,O2,232
S1,52,O3,196
S1,53,O1,175
S1,53,O2,234
S1,53,O3,199
S1,54,O1,165
S1,54,O2,217
S1,54,O3,196
S1,55,O1,169
S1,55,O2,227
S1,55,O3,206
S1,56,O1,163
S1,56,O2,218
S1,56,O3,192
S1,57,O1,194
S1,57,O2,230
S1,57,O3,204
S1,58,O1,176
S1,58,O2,214
S1,58,O3,215
S1,59,O1,168
S1,59,O2,215
S1,59,O3,232
S1,60,O1,178
S1,60,O2,213
S1,60,O3,226
S1,61,O1,178
S1,61,O2,218
S1,61,O3,205
S1,62,O1,163
S1,62,O2,224
S1,62,O3,222
S1,63,O1,173
S1,63,O2,245
S1,63,O3,218
S1,64,O1,163
S1,64,O2,219
S1,64,O3,204
S1,65,O1,174
S1,65,O2,217
S1,65,O3,201
S1,66,O1,165
S1,66,O2,238
S1,66,O3,221
S1,67,O1,174
S1,67,O2,214
S1,67,O3,200
S1,68,O1,160
S1,68,O2,233
S1,68,O3,227
S1,69,O1,174
S1,69,O2,231
S1,69,O3,221
S1,70,O1,166
S1,70,O2,209
S1,70,O3,204
S1,71,O1,142
S1,71,O2,226
S1,71,O3,221
S1,72,O1,187
S1,72,O2,222
S1,72,O3,190
S1,73,O1,167
S1,73,O2,217
S1,73,O3,194
S1,74,O1,161
S1,74,O2,211
S1,74,O3,201
S1,75,O1,156
S1,75,O2,218
S1,75,O3,212
S1,76,O1,153
S1,76,O2,237
S1,76,O3,201
S1,77,O1,162
S1,77,O2,225
S1,77,O3,190
S1,78,O1,171
S1,78,O2,228
S1,78,O3,196
S1,79,O1,162
S1,79,O2,213
S1,79,O3,214
S1,80,O1,175
S1,80,O2,237
S1,80,O3,226
S1,81,O1,152
S1,81,O2,237
S1,81,O3,205
S1,82,O1,161
S1,82,O2,218
S1,82,O3,208
S1,83,O1,162
S1,83,O2,227
S1,83,O3,215
S1,84,O1,177
S1,84,O2,218
S1,84,O3,206
S1,85,O1,177
S1,85,O2,238
S1,85,O3,197
S1,86,O1,171
S1,86,O2,204
S1,86,O3,208
S1,87,O1,163
S1,87,O2,251
S1,87,O3,209
S1,88,O1,166
S1,88,O2,213
S1,88,O3,206
S1,89,O1,164
S1,89,O2,225
S1,89,O3,201
S1,90,O1,167
S1,90,O2,211
S1,90,O3,206
S1,91,O1,169
S1,91,O2,223
S1,91,O3,214
S1,92,O1,177
S1,92,O2,245
S1,92,O3,213
S1,93,O1,169
S1,93,O2,233
S1,93,O3,199
S1,94,O1,161
S1,94,O2,206
S1,94,O3,196
S1,95,O1,154
S1,95,O2,221
S1,95,O3,201
S1,96,O1,152
S1,96,O2,226
S1,96,O3,217
S1,97,O1,172
S1,97,O2,214
S1,97,O3,218
S1,98,O1,182
S1,98,O2,223
S1,98,O3,202
S1,99,O1,173
S1,99,O2,231
S1,99,O3,214
S1,100,O1,185
S1,100,O2,223
S1,100,O3,209
S1,101,O1,173
S1,101,O2,207
S1,101,O3,211
S1,102,O1,175
S1,102,O2,221
S1,102,O3,195
S1,103,O1,165
S1,103,O2,221
S1,103,O3,195
S1,104,O1,171
S1,104,O2,226
S1,104,O3,207
S1,105,O1,168
S1,105,O2,221
S1,105,O3,220
S1,106,O1,162
S1,106,O2,212
S1,106,O3,192
S1,107,O1,179
S1,107,O2,245
S1,107,O3,226
S1,108,O1,182
S1,108,O2,215
S1,108,O3,209
S1,109,O1,166
S1,109,O2,199
S1,109,O3,214
S1,110,O1,171
S1,110,O2,215
S1,110,O3,202
S1,111,O1,160
S1,111,O2,224
S1,111,O3,178
S1,112,O1,159
S1,112,O2,212
S1,112,O3,222
S1,113,O1,188
S1,113,O2,224
S1,113,O3,214
S1,114,O1,165
S1,114,O2,229
S1,114,O3,206
S1,115,O1,169
S1,115,O2,218
S1,115,O3,205
S1,116,O1,172
S1,116,O2,247
S1,116,O3,219
S1,117,O1,163
S1,117,O2,208
S1,117,O3,197
S1,118,O1,160
S1,118,O2,224
S1,118,O3,221
S1,119,O1,167
S1,119,O2,211
S1,119,O3,205
S1,120,O1,165
S1,120,O2,238
S1,120,O3,195
S1,121,O1,156
S1,121,O2,213
S1,121,O3,203
S1,122,O1,169
S1,122,O2,216
S1,122,O3,182
S1,123,O1,166
S1,123,O2,214
S1,123,O3,214
S1,124,O1,170
S1,124,O2,236
S1,124,O3,214
S1,125,O1,169
S1,125,O2,218
S1,125,O3,188
S1,126,O1,178
S1,126,O2,221
S1,126,O3,200
S1,127,O1,169
S1,127,O2,216
S1,127,O3,209
S1,128,O1,174
S1,128,O2,202
S1,128,O3,210
S1,129,O1,164
S1,129,O2,211
S1,129,O3,251
S1,130,O1,161
S1,130,O2,214
S1,130,O3,196
S1,131,O1,168
S1,131,O2,210
S1,131,O3,193
S1,132,O1,169
S1,132,O2,244
S1,132,O3,204
S1,133,O1,167
S1,133,O2,240
S1,133,O3,200
S1,134,O1,170
S1,134,O2,216
S1,134,O3,192
S1,135,O1,159
S1,135,O2,210
S1,135,O3,218
S1,136,O1,161
S1,136,O2,232
S1,136,O3,197
S1,137,O1,164
S1,137,O2,216
S1,137,O3,221
S1,138,O1,159
S1,138,O2,246
S1,138,O3,210
S1,139,O1,169
S1,139,O2,254
S1,139,O3,191
S1,140,O1,162
S1,140,O2,207
S1,140,O3,189
S1,141,O1,181
S1,141,O2,208
S1,141,O3,224
S1,142,O1,163
S1,142,O2,213
S1,142,O3,219
S1,143,O1,167
S1,143,O2,218
S1,143,O3,211
S1,144,O1,176
S1,144,O2,199
S1,144,O3,209
S1,145,O1,166
S1,145,O2,223
S1,145,O3,231
S1,146,O1,174
S1,146,O2,217
S1,146,O3,213
S1,147,O1,171
S1,147,O2,219
S1,147,O3,229
S1,148,O1,168
S1,148,O2,226
S1,148,O3,212
S1,149,O1,175
S1,149,O2,219
S1,149,O3,196
S1,150,O1,167
S1,150,O2,209
S1,150,O3,202
S1,151,O1,163
S1,151,O2,234
S1,151,O3,222
S1,152,O1,164
S1,152,O2,230
S1,152,O3,207
S1,153,O1,161
S1,153,O2,217
S1,153,O3,214
S1,154,O1,168
S1,154,O2,192
S1,154,O3,215
S1,155,O1,162
S1,155,O2,238
S1,155,O3,205
S1,156,O1,169
S1,156,O2,241
S1,156,O3,203
S1,157,O1,171
S1,157,O2,226
S1,157,O3,192
S1,158,O1,161
S1,158,O2,218
S1,158,O3,214
S1,159,O1,161
S1,159,O2,217
S1,159,O3,199
S1,160,O1,168
S1,160,O2,215
S1,160,O3,199
S1,161,O1,167
S1,161,O2,232
S1,161,O3,218
S1,162,O1,167
S1,162,O2,232
S1,162,O3,231
S1,163,O1,178
S1,163,O2,249
S1,163,O3,188
S1,164,O1,166
S1,164,O2,232
S1,164,O3,203
S1,165,O1,159
S1,165,O2,219
S1,165,O3,190
S1,166,O1,174
S1,166,O2,219
S1,166,O3,193
S1,167,O1,168
S1,167,O2,240
S1,167,O3,194
S1,168,O1,170
S1,168,O2,219
S1,168,O3,208
S1,169,O1,189
S1,169,O2,241
S1,169,O3,195
S1,170,O1,167
S1,170,O2,214
S1,170,O3,206
S1,171,O1,163
S1,171,O2,237
S1,171,O3,198
S1,172,O1,155
S1,172,O2,211
S1,172,O3,216
S1,173,O1,168
S1,173,O2,226
S1,173,O3,207
S1,174,O1,168
S1,174,O2,212
S1,174,O3,239
S1,175,O1,169
S1,175,O2,223
S1,175,O3,194
S1,176,O1,167
S1,176,O2,206
S1,176,O3,212
S1,177,O1,171
S1,177,O2,223
S1,177,O3,231
S1,178,O1,183
S1,178,O2,218
S1,178,O3,210
S1,179,O1,174
S1,179,O2,204
S1,179,O3,214
S1,180,O1,174
S1,180,O2,221
S1,180,O3,206
S1,181,O1,158
S1,181,O2,221
S1,181,O3,202
S1,182,O1,165
S1,182,O2,232
S1,182,O3,207
S1,183,O1,170
S1,183,O2,226
S1,183,O3,216
S1,184,O1,167
S1,184,O2,220
S1,184,O3,196
S1,185,O1,150
S1,185,O2,230
S1,185,O3,188
S1,186,O1,169
S1,186,O2,243
S1,186,O3,216
S1,187,O1,157
S1,187,O2,225
S1,187,O3,184
S1,188,O1,174
S1,188,O2,222
S1,188,O3,211
S1,189,O1,159
S1,189,O2,210
S1,189,O3,204
S1,190,O1,160
S1,190,O2,220
S1,190,O3,210
S1,191,O1,157
S1,191,O2,216
S1,191,O3,225
S1,192,O1,156
S1,192,O2,204
S1,192,O3,220
S1,193,O1,179
S1,193,O2,213
S1,193,O3,200
S1,194,O1,174
S1,194,O2,218
S1,194,O3,206
S1,195,O1,174
S1,195,O2,224
S1,195,O3,217
S1,196,O1,168
S1,196,O2,207
S1,196,O3,207
S1,197,O1,160
S1,197,O2,233
S1,197,O3,235
S1,198,O1,169
S1,198,O2,215
S1,198,O3,215
S1,199,O1,177
S1,199,O2,205
S1,199,O3,188
S1,200,O1,169
S1,200,O2,210
S1,200,O3,206
S1,201,O1,176
S1,201,O2,211
S1,201,O3,215
S1,202,O1,173
S1,202,O2,213
S1,202,O3,234
S1,203,O1,173
S1,203,O2,231
S1,203,O3,201
S1,204,O1,170
S1,204,O2,232
S1,204,O3,203
S1,205,O1,184
S1,205,O2,223
S1,205,O3,201
S1,206,O1,169
S1,206,O2,217
S1,206,O3,208
S1,207,O1,174
S1,207,O2,229
S1,207,O3,198
S1,208,O1,165
S1,208,O2,249
S1,208,O3,208
S1,209,O1,168
S1,209,O2,237
S1,209,O3,216
S1,210,O1,164
S1,210,O2,219
S1,210,O3,228
S1,211,O1,182
S1,211,O2,224
S1,211,O3,199
S1,212,O1,178
S1,212,O2,239
S1,212,O3,199
S1,213,O1,155
S1,213,O2,225
S1,213,O3,202
S1,214,O1,156
S1,214,O2,223
S1,214,O3,202
S1,215,O1,161
S1,215,O2,224
S1,215,O3,227
S1,216,O1,171
S1,216,O2,212
S1,216,O3,204
S1,217,O1,169
S1,217,O2,214
S1,217,O3,210
S1,218,O1,177
S1,218,O2,211
S1,218,O3,217
S1,219,O1,157
S1,219,O2,238
S1,219,O3,200
S1,220,O1,175
S1,220,O2,227
S1,220,O3,208
S1,221,O1,169
S1,221,O2,200
S1,221,O3,197
S1,222,O1,156
S1,222,O2,243
S1,222,O3,207
S1,223,O1,160
S1,223,O2,243
S1,223,O3,208
S1,224,O1,162
S1,224,O2,240
S1,224,O3,224
S1,225,O1,165
S1,225,O2,255
S1,225,O3,203
S1,226,O1,168
S1,226,O2,212
S1,226,O3,210
S1,227,O1,173
S1,227,O2,227
S1,227,O3,218
S1,228,O1,168
S1,228,O2,217
S1,228,O3,211
S1,229,O1,173
S1,229,O2,227
S1,229,O3,213
S1,230,O1,165
S1,230,O2,216
S1,230,O3,216
S1,231,O1,159
S1,231,O2,210
S1,231,O3,199
S1,232,O1,163
S1,232,O2,229
S1,232,O3,211
S1,233,O1,173
S1,233,O2,218
S1,233,O3,206
S1,234,O1,165
S1,234,O2,215
S1,234,O3,207
S1,235,O1,184
S1,235,O2,221
S1,235,O3,201
S1,236,O1,167
S1,236,O2,211
S1,236,O3,203
S1,237,O1,157
S1,237,O2,220
S1,237,O3,213
S1,238,O1,156
S1,238,O2,229
S1,238,O3,215
S1,239,O1,170
S1,239,O2,224
S1,239,O3,181
S1,240,O1,160
S1,240,O2,232
S1,240,O3,212
S1,241,O1,184
S1,241,O2,227
S1,241,O3,200
S1,242,O1,179
S1,242,O2,247
S1,242,O3,210
S1,243,O1,171
S1,243,O2,226
S1,243,O3,199
S1,244,O1,171
S1,244,O2,221
S1,244,O3,217
S1,245,O1,172
S1,245,O2,228
S1,245,O3,217
S1,246,O1,176
S1,246,O2,219
S1,246,O3,219
S1,247,O1,176
S1,247,O2,214
S1,247,O3,198
S1,248,O1,166
S1,248,O2,239
S1,248,O3,207
S1,249,O1,173
S1,249,O2,227
S1,249,O3,226
S1,250,O1,177
S1,250,O2,231
S1,250,O3,185
S1,251,O1,159
S1,251,O2,231
S1,251,O3,210
S1,252,O1,166
S1,252,O2,224
S1,252,O3,228
S1,253,O1,165
S1,253,O2,220
S1,253,O3,217
S1,254,O1,172
S1,254,O2,237
S1,254,O3,213
S1,255,O1,157
S1,255,O2,222
S1,255,O3,224
S1,256,O1,177
S1,256,O2,214
S1,256,O3,191
S1,257,O1,177
S1,257,O2,227
S1,257,O3,202
S1,258,O1,175
S1,258,O2,224
S1,258,O3,203
S1,259,O1,170
S1,259,O2,209
S1,259,O3,216
S1,260,O1,177
S1,260,O2,209
S1,260,O3,205
S1,261,O1,160
S1,261,O2,236
S1,261,O3,209
S1,262,O1,155
S1,262,O2,223
S1,262,O3,203
S1,263,O1,168
S1,263,O2,213
S1,263,O3,234
S1,264,O1,163
S1,264,O2,203
S1,264,O3,205
S1,265,O1,168
S1,265,O2,229
S1,265,O3,194
S1,266,O1,169
S1,266,O2,218
S1,266,O3,196
S1,267,O1,162
S1,267,O2,234
S1,267,O3,205
S1,268,O1,161
S1,268,O2,227
S1,268,O3,209
S1,269,O1,173
S1,269,O2,221
S1,269,O3,220
S1,270,O1,173
S1,270,O2,221
S1,270,O3,203
S1,271,O1,173
S1,271,O2,214
S1,271,O3,240
S1,272,O1,165
S1,272,O2,227
S1,272,O3,213
S1,273,O1,178
S1,273,O2,230
S1,273,O3,229
S1,274,O1,178
S1,274,O2,202
S1,274,O3,195
S1,275,O1,165
S1,275,O2,235
S1,275,O3,216
S1,276,O1,174
S1,276,O2,221
S1,276,O3,214
S1,277,O1,164
S1,277,O2,238
S1,277,O3,202
S1,278,O1,183
S1,278,O2,239
S1,278,O3,200
S1,279,O1,151
S1,279,O2,220
S1,279,O3,194
S1,280,O1,175
S1,280,O2,210
S1,280,O3,209
S1,281,O1,167
S1,281,O2,232
S1,281,O3,208
S1,282,O1,188
S1,282,O2,223
S1,282,O3,221
S1,283,O1,176
S1,283,O2,215
S1,283,O3,209
S1,284,O1,183
S1,284,O2,194
S1,284,O3,213
S1,285,O1,156
S1,285,O2,230
S1,285,O3,206
S1,286,O1,161
S1,286,O2,227
S1,286,O3,207
S1,287,O1,173
S1,287,O2,222
S1,287,O3,216
S1,288,O1,162
S1,288,O2,224
S1,288,O3,211
S1,289,O1,165
S1,289,O2,224
S1,289,O3,220
S1,290,O1,156
S1,290,O2,233
S1,290,O3,192
S1,291,O1,188
S1,291,O2,236
S1,291,O3,180
S1,292,O1,179
S1,292,O2,219
S1,292,O3,210
S1,293,O1,161
S1,293,O2,219
S1,293,O3,202
S1,294,O1,181
S1,294,O2,242
S1,294,O3,205
S1,295,O1,176
S1,295,O2,246
S1,295,O3,214
S1,296,O1,159
S1,296,O2,227
S1,296,O3,209
S1,297,O1,182
S1,297,O2,233
S1,297,O3,204
S1,298,O1,166
S1,298,O2,212
S1,298,O3,201
S1,299,O1,179
S1,299,O2,217
S1,299,O3,219
S1,300,O1,165
S1,300,O2,217
S1,300,O3,214
S1,301,O1,165
S1,301,O2,208
S1,301,O3,213
S1,302,O1,164
S1,302,O2,217
S1,302,O3,207
S1,303,O1,186
S1,303,O2,229
S1,303,O3,190
S1,304,O1,163
S1,304,O2,222
S1,304,O3,219
S1,305,O1,151
S1,305,O2,213
S1,305,O3,221
S1,306,O1,163
S1,306,O2,213
S1,306,O3,202
S1,307,O1,173
S1,307,O2,231
S1,307,O3,222
S1,308,O1,171
S1,308,O2,229
S1,308,O3,203
S1,309,O1,158
S1,309,O2,215
S1,309,O3,218
S1,310,O1,166
S1,310,O2,225
S1,310,O3,217
S1,311,O1,161
S1,311,O2,205
S1,311,O3,216
S1,312,O1,160
S1,312,O2,214
S1,312,O3,205
S1,313,O1,147
S1,313,O2,229
S1,313,O3,194
S1,314,O1,166
S1,314,O2,198
S1,314,O3,211
S1,315,O1,159
S1,315,O2,218
S1,315,O3,215
S1,316,O1,172
S1,316,O2,229
S1,316,O3,208
S1,317,O1,181
S1,317,O2,225
S1,317,O3,213
S1,318,O1,173
S1,318,O2,222
S1,318,O3,221
S1,319,O1,163
S1,319,O2,216
S1,319,O3,200
S1,320,O1,169
S1,320,O2,201
S1,320,O3,221
S1,321,O1,166
S1,321,O2,234
S1,321,O3,214
S1,322,O1,176
S1,322,O2,202
S1,322,O3,203
S1,323,O1,169
S1,323,O2,251
S1,323,O3,224
S1,324,O1,161
S1,324,O2,220
S1,324,O3,210
S1,325,O1,163
S1,325,O2,238
S1,325,O3,215
S1,326,O1,152
S1,326,O2,233
S1,326,O3,219
S1,327,O1,163
S1,327,O2,206
S1,327,O3,197
S1,328,O1,180
S1,328,O2,207
S1,328,O3,203
S1,329,O1,152
S1,329,O2,218
S1,329,O3,215
S1,330,O1,178
S1,330,O2,229
S1,330,O3,206
S1,331,O1,169
S1,331,O2,226
S1,331,O3,214
S1,332,O1,184
S1,332,O2,209
S1,332,O3,209
S1,333,O1,160
S1,333,O2,207
S1,333,O3,218
S1,334,O1,165
S1,334,O2,216
S1,334,O3,189
S1,335,O1,164
S1,335,O2,211
S1,335,O3,192
S1,336,O1,173
S1,336,O2,221
S1,336,O3,203
S1,337,O1,170
S1,337,O2,228
S1,337,O3,204
S1,338,O1,153
S1,338,O2,230
S1,338,O3,211
S1,339,O1,161
S1,339,O2,220
S1,339,O3,206
S1,340,O1,171
S1,340,O2,222
S1,340,O3,215
S1,341,O1,169
S1,341,O2,213
S1,341,O3,196
S1,342,O1,168
S1,342,O2,226
S1,342,O3,215
S1,343,O1,143
S1,343,O2,224
S1,343,O3,219
S1,344,O1,162
S1,344,O2,207
S1,344,O3,218
S1,345,O1,160
S1,345,O2,216
S1,345,O3,220
S1,346,O1,159
S1,346,O2,243
S1,346,O3,209
S1,347,O1,169
S1,347,O2,221
S1,347,O3,215
S1,348,O1,185
S1,348,O2,204
S1,348,O3,205
S1,349,O1,169
S1,349,O2,216
S1,349,O3,195
S1,350,O1,165
S1,350,O2,204
S1,350,O3,210
S1,351,O1,174
S1,351,O2,251
S1,351,O3,216
S1,352,O1,166
S1,352,O2,209
S1,352,O3,196
S1,353,O1,174
S1,353,O2,213
S1,353,O3,211
S1,354,O1,155
S1,354,O2,214
S1,354,O3,219
S1,355,O1,169
S1,355,O2,224
S1,355,O3,207
S1,356,O1,167
S1,356,O2,233
S1,356,O3,195
S1,357,O1,173
S1,357,O2,226
S1,357,O3,202
S1,358,O1,178
S1,358,O2,227
S1,358,O3,223
S1,359,O1,178
S1,359,O2,213
S1,359,O3,207
S1,360,O1,163
S1,360,O2,218
S1,360,O3,210
S1,361,O1,168
S1,361,O2,241
S1,361,O3,210
S1,362,O1,175
S1,362,O2,228
S1,362,O3,192
S1,363,O1,170
S1,363,O2,229
S1,363,O3,217
S1,364,O1,175
S1,364,O2,241
S1,364,O3,214
S1,365,O1,173
S1,365,O2,227
S1,365,O3,219
S1,366,O1,162
S1,366,O2,211
S1,366,O3,199
S1,367,O1,161
S1,367,O2,242
S1,367,O3,226
S1,368,O1,170
S1,368,O2,214
S1,368,O3,214
S1,369,O1,174
S1,369,O2,210
S1,369,O3,206
S1,370,O1,165
S1,370,O2,231
S1,370,O3,203
S1,371,O1,167
S1,371,O2,222
S1,371,O3,200
S1,372,O1,172
S1,372,O2,239
S1,372,O3,178
S1,373,O1,163
S1,373,O2,218
S1,373,O3,205
S1,374,O1,161
S1,374,O2,208
S1,374,O3,229
S1,375,O1,166
S1,375,O2,234
S1,375,O3,206
S1,376,O1,167
S1,376,O2,218
S1,376,O3,198
S1,377,O1,174
S1,377,O2,228
S1,377,O3,190
S1,378,O1,166
S1,378,O2,226
S1,378,O3,215
S1,379,O1,167
S1,379,O2,224
S1,379,O3,217
S1,380,O1,169
S1,380,O2,215
S1,380,O3,216
S1,381,O1,174
S1,381,O2,228
S1,381,O3,216
S1,382,O1,154
S1,382,O2,275
S1,382,O3,214
S1,383,O1,164
S1,383,O2,215
S1,383,O3,192
S1,384,O1,190
S1,384,O2,218
S1,384,O3,197
S1,385,O1,169
S1,385,O2,232
S1,385,O3,213
S1,386,O1,164
S1,386,O2,223
S1,386,O3,224
S1,387,O1,177
S1,387,O2,225
S1,387,O3,219
S1,388,O1,170
S1,388,O2,222
S1,388,O3,203
S1,389,O1,176
S1,389,O2,202
S1,389,O3,205
S1,390,O1,159
S1,390,O2,208
S1,390,O3,213
S1,391,O1,183
S1,391,O2,210
S1,391,O3,218
S1,392,O1,174
S1,392,O2,213
S1,392,O3,223
S1,393,O1,178
S1,393,O2,222
S1,393,O3,211
S1,394,O1,176
S1,394,O2,233
S1,394,O3,204
S1,395,O1,187
S1,395,O2,234
S1,395,O3,231
S1,396,O1,164
S1,396,O2,229
S1,396,O3,219
S1,397,O1,168
S1,397,O2,207
S1,397,O3,208
S1,398,O1,165
S1,398,O2,212
S1,398,O3,220
S1,399,O1,182
S1,399,O2,222
S1,399,O3,200
S1,400,O1,171
S1,400,O2,224
S1,400,O3,214
S1,401,O1,164
S1,401,O2,220
S1,401,O3,203
S1,402,O1,174
S1,402,O2,222
S1,402,O3,194
S1,403,O1,189
S1,403,O2,201
S1,403,O3,209
S1,404,O1,162
S1,404,O2,217
S1,404,O3,209
S1,405,O1,168
S1,405,O2,221
S1,405,O3,200
S1,406,O1,172
S1,406,O2,219
S1,406,O3,192
S1,407,O1,165
S1,407,O2,222
S1,407,O3,199
S1,408,O1,155
S1,408,O2,228
S1,408,O3,203
S1,409,O1,180
S1,409,O2,216
S1,409,O3,219
S1,410,O1,177
S1,410,O2,210
S1,410,O3,195
S1,411,O1,183
S1,411,O2,231
S1,411,O3,210
S1,412,O1,174
S1,412,O2,239
S1,412,O3,212
S1,413,O1,162
S1,413,O2,212
S1,413,O3,209
S1,414,O1,180
S1,414,O2,224
S1,414,O3,214
S1,415,O1,168
S1,415,O2,218
S1,415,O3,208
S1,416,O1,162
S1,416,O2,220
S1,416,O3,200
S1,417,O1,154
S1,417,O2,252
S1,417,O3,214
S1,418,O1,155
S1,418,O2,228
S1,418,O3,213
S1,419,O1,143
S1,419,O2,239
S1,419,O3,205
S1,420,O1,175
S1,420,O2,223
S1,420,O3,204
S1,421,O1,165
S1,421,O2,225
S1,421,O3,203
S1,422,O1,169
S1,422,O2,218
S1,422,O3,209
S1,423,O1,170
S1,423,O2,229
S1,423,O3,214
S1,424,O1,173
S1,424,O2,215
S1,424,O3,231
S1,425,O1,173
S1,425,O2,209
S1,425,O3,221
S1,426,O1,175
S1,426,O2,221
S1,426,O3,213
S1,427,O1,162
S1,427,O2,228
S1,427,O3,217
S1,428,O1,162
S1,428,O2,203
S1,428,O3,213
S1,429,O1,177
S1,429,O2,219
S1,429,O3,202
S1,430,O1,180
S1,430,O2,225
S1,430,O3,208
S1,431,O1,168
S1,431,O2,232
S1,431,O3,203
S1,432,O1,173
S1,432,O2,218
S1,432,O3,217
S1,433,O1,174
S1,433,O2,219
S1,433,O3,211
S1,434,O1,169
S1,434,O2,244
S1,434,O3,190
S1,435,O1,171
S1,435,O2,219
S1,435,O3,245
S1,436,O1,162
S1,436,O2,229
S1,436,O3,219
S1,437,O1,156
S1,437,O2,223
S1,437,O3,200
S1,438,O1,158
S1,438,O2,221
S1,438,O3,213
S1,439,O1,165
S1,439,O2,243
S1,439,O3,205
S1,440,O1,162
S1,440,O2,214
S1,440,O3,209
S1,441,O1,169
S1,441,O2,217
S1,441,O3,208
S1,442,O1,162
S1,442,O2,219
S1,442,O3,213
S1,443,O1,173
S1,443,O2,243
S1,443,O3,218
S1,444,O1,173
S1,444,O2,212
S1,444,O3,221
S1,445,O1,172
S1,445,O2,214
S1,445,O3,228
S1,446,O1,174
S1,446,O2,230
S1,446,O3,195
S1,447,O1,167
S1,447,O2,220
S1,447,O3,200
S1,448,O1,173
S1,448,O2,233
S1,448,O3,192
S1,449,O1,164
S1,449,O2,222
S1,449,O3,220
S1,450,O1,179
S1,450,O2,214
S1,450,O3,206
S1,451,O1,167
S1,451,O2,217
S1,451,O3,211
S1,452,O1,149
S1,452,O2,225
S1,452,O3,212
S1,453,O1,164
S1,453,O2,208
S1,453,O3,227
S1,454,O1,164
S1,454,O2,217
S1,454,O3,223
S1,455,O1,163
S1,455,O2,222
S1,455,O3,202
S1,456,O1,181
S1,456,O2,225
S1,456,O3,197
S1,457,O1,172
S1,457,O2,213
S1,457,O3,210
S1,458,O1,154
S1,458,O2,249
S1,458,O3,207
S1,459,O1,175
S1,459,O2,220
S1,459,O3,209
S1,460,O1,172
S1,460,O2,208
S1,460,O3,219
S1,461,O1,167
S1,461,O2,233
S1,461,O3,208
S1,462,O1,164
S1,462,O2,240
S1,462,O3,207
S1,463,O1,172
S1,463,O2,219
S1,463,O3,211
S1,464,O1,168
S1,464,O2,220
S1,464,O3,202
S1,465,O1,168
S1,465,O2,219
S1,465,O3,213
S1,466,O1,157
S1,466,O2,223
S1,466,O3,201
S1,467,O1,162
S1,467,O2,234
S1,467,O3,186
S1,468,O1,160
S1,468,O2,236
S1,468,O3,205
S1,469,O1,160
S1,469,O2,249
S1,469,O3,223
S1,470,O1,174
S1,470,O2,217
S1,470,O3,232
S1,471,O1,176
S1,471,O2,220
S1,471,O3,214
S1,472,O1,175
S1,472,O2,222
S1,472,O3,195
S1,473,O1,160
S1,473,O2,218
S1,473,O3,220
S1,474,O1,174
S1,474,O2,202
S1,474,O3,203
S1,475,O1,154
S1,475,O2,212
S1,475,O3,212
S1,476,O1,183
S1,476,O2,204
S1,476,O3,207
S1,477,O1,162
S1,477,O2,214
S1,477,O3,213
S1,478,O1,187
S1,478,O2,208
S1,478,O3,212
S1,479,O1,170
S1,479,O2,232
S1,479,O3,199
S1,480,O1,171
S1,480,O2,229
S1,480,O3,219
S1,481,O1,183
S1,481,O2,241
S1,481,O3,208
S1,482,O1,179
S1,482,O2,262
S1,482,O3,197
S1,483,O1,177
S1,483,O2,247
S1,483,O3,205
S1,484,O1,168
S1,484,O2,215
S1,484,O3,199
S1,485,O1,166
S1,485,O2,213
S1,485,O3,237
S1,486,O1,163
S1,486,O2,241
S1,486,O3,192
S1,487,O1,170
S1,487,O2,223
S1,487,O3,208
S1,488,O1,170
S1,488,O2,205
S1,488,O3,227
S1,489,O1,174
S1,489,O2,219
S1,489,O3,196
S1,490,O1,170
S1,490,O2,220
S1,490,O3,200
S1,491,O1,177
S1,491,O2,242
S1,491,O3,205
S1,492,O1,171
S1,492,O2,226
S1,492,O3,206
S1,493,O1,171
S1,493,O2,218
S1,493,O3,216
S1,494,O1,160
S1,494,O2,248
S1,494,O3,203
S1,495,O1,177
S1,495,O2,234
S1,495,O3,218
S1,496,O1,164
S1,496,O2,207
S1,496,O3,187
S1,497,O1,171
S1,497,O2,224
S1,497,O3,203
S1,498,O1,172
S1,498,O2,230
S1,498,O3,214
S1,499,O1,169
S1,499,O2,218
S1,499,O3,217
S1,500,O1,151
S1,500,O2,208
S1,500,O3,196
S1,501,O1,164
S1,501,O2,218
S1,501,O3,213
S1,502,O1,156
S1,502,O2,221
S1,502,O3,215
S1,503,O1,152
S1,503,O2,230
S1,503,O3,202
S1,504,O1,174
S1,504,O2,233
S1,504,O3,195
S1,505,O1,176
S1,505,O2,222
S1,505,O3,186
S1,506,O1,167
S1,506,O2,224
S1,506,O3,207
S1,507,O1,160
S1,507,O2,209
S1,507,O3,219
S1,508,O1,185
S1,508,O2,217
S1,508,O3,205
S1,509,O1,176
S1,509,O2,204
S1,509,O3,218
S1,510,O1,186
S1,510,O2,202
S1,510,O3,204
S1,511,O1,157
S1,511,O2,207
S1,511,O3,198
S1,512,O1,174
S1,512,O2,211
S1,512,O3,215
S1,513,O1,180
S1,513,O2,204
S1,513,O3,213
S1,514,O1,168
S1,514,O2,222
S1,514,O3,198
S1,515,O1,173
S1,515,O2,239
S1,515,O3,212
S1,516,O1,162
S1,516,O2,217
S1,516,O3,199
S1,517,O1,166
S1,517,O2,214
S1,517,O3,210
S1,518,O1,173
S1,518,O2,211
S1,518,O3,200
S1,519,O1,169
S1,519,O2,222
S1,519,O3,212
S1,520,O1,164
S1,520,O2,214
S1,520,O3,219
S1,521,O1,155
S1,521,O2,235
S1,521,O3,223
S1,522,O1,155
S1,522,O2,222
S1,522,O3,211
S1,523,O1,175
S1,523,O2,224
S1,523,O3,215
S1,524,O1,174
S1,524,O2,216
S1,524,O3,207
S1,525,O1,168
S1,525,O2,218
S1,525,O3,229
S1,526,O1,173
S1,526,O2,229
S1,526,O3,212
S1,527,O1,171
S1,527,O2,209
S1,527,O3,202
S1,528,O1,167
S1,528,O2,213
S1,528,O3,221
S1,529,O1,169
S1,529,O2,228
S1,529,O3,185
S1,530,O1,170
S1,530,O2,236
S1,530,O3,206
S1,531,O1,168
S1,531,O2,208
S1,531,O3,232
S1,532,O1,160
S1,532,O2,234
S1,532,O3,218
S1,533,O1,161
S1,533,O2,237
S1,533,O3,189
S1,534,O1,150
S1,534,O2,231
S1,534,O3,210
S1,535,O1,162
S1,535,O2,223
S1,535,O3,211
S1,536,O1,174
S1,536,O2,214
S1,536,O3,219
S1,537,O1,175
S1,537,O2,233
S1,537,O3,200
S1,538,O1,169
S1,538,O2,221
S1,538,O3,204
S1,539,O1,159
S1,539,O2,231
S1,539,O3,207
S1,540,O1,178
S1,540,O2,225
S1,540,O3,206
S1,541,O1,159
S1,541,O2,211
S1,541,O3,208
S1,542,O1,177
S1,542,O2,217
S1,542,O3,200
S1,543,O1,158
S1,543,O2,231
S1,543,O3,222
S1,544,O1,174
S1,544,O2,222
S1,544,O3,242
S1,545,O1,162
S1,545,O2,243
S1,545,O3,215
S1,546,O1,164
S1,546,O2,216
S1,546,O3,212
S1,547,O1,167
S1,547,O2,237
S1,547,O3,195
S1,548,O1,179
S1,548,O2,217
S1,548,O3,216
S1,549,O1,185
S1,549,O2,223
S1,549,O3,214
S1,550,O1,159
S1,550,O2,226
S1,550,O3,205
S1,551,O1,171
S1,551,O2,214
S1,551,O3,215
S1,552,O1,167
S1,552,O2,231
S1,552,O3,215
S1,553,O1,157
S1,553,O2,219
S1,553,O3,200
S1,554,O1,151
S1,554,O2,235
S1,554,O3,226
S1,555,O1,179
S1,555,O2,251
S1,555,O3,202
S1,556,O1,167
S1,556,O2,249
S1,556,O3,198
S1,557,O1,167
S1,557,O2,223
S1,557,O3,235
S1,558,O1,189
S1,558,O2,198
S1,558,O3,223
S1,559,O1,152
S1,559,O2,243
S1,559,O3,224
S1,560,O1,160
S1,560,O2,228
S1,560,O3,215
S1,561,O1,159
S1,561,O2,223
S1,561,O3,206
S1,562,O1,165
S1,562,O2,230
S1,562,O3,235
S1,563,O1,167
S1,563,O2,205
S1,563,O3,212
S1,564,O1,177
S1,564,O2,207
S1,564,O3,196
S1,565,O1,158
S1,565,O2,213
S1,565,O3,203
S1,566,O1,156
S1,566,O2,217
S1,566,O3,205
S1,567,O1,173
S1,567,O2,226
S1,567,O3,219
S1,568,O1,166
S1,568,O2,196
S1,568,O3,223
S1,569,O1,166
S1,569,O2,228
S1,569,O3,207
S1,570,O1,162
S1,570,O2,218
S1,570,O3,205
S1,571,O1,161
S1,571,O2,230
S1,571,O3,212
S1,572,O1,172
S1,572,O2,237
S1,572,O3,212
S1,573,O1,154
S1,573,O2,202
S1,573,O3,217
S1,574,O1,181
S1,574,O2,227
S1,574,O3,199
S1,575,O1,160
S1,575,O2,224
S1,575,O3,213
S1,576,O1,163
S1,576,O2,225
S1,576,O3,205
S1,577,O1,172
S1,577,O2,230
S1,577,O3,212
S1,578,O1,160
S1,578,O2,234
S1,578,O3,210
S1,579,O1,171
S1,579,O2,245
S1,579,O3,193
S1,580,O1,175
S1,580,O2,242
S1,580,O3,217
S1,581,O1,162
S1,581,O2,218
S1,581,O3,207
S1,582,O1,172
S1,582,O2,225
S1,582,O3,224
S1,583,O1,169
S1,583,O2,208
S1,583,O3,204
S1,584,O1,171
S1,584,O2,226
S1,584,O3,210
S1,585,O1,166
S1,585,O2,224
S1,585,O3,198
S1,586,O1,169
S1,586,O2,199
S1,586,O3,200
S1,587,O1,166
S1,587,O2,213
S1,587,O3,219
S1,588,O1,170
S1,588,O2,227
S1,588,O3,217
S1,589,O1,171
S1,589,O2,211
S1,589,O3,189
S1,590,O1,168
S1,590,O2,222
S1,590,O3,214
S1,591,O1,158
S1,591,O2,210
S1,591,O3,181
S1,592,O1,169
S1,592,O2,217
S1,592,O3,206
S1,593,O1,162
S1,593,O2,218
S1,593,O3,220
S1,594,O1,176
S1,594,O2,210
S1,594,O3,213
S1,595,O1,159
S1,595,O2,205
S1,595,O3,189
S1,596,O1,171
S1,596,O2,230
S1,596,O3,209
S1,597,O1,162
S1,597,O2,228
S1,597,O3,201
S1,598,O1,164
S1,598,O2,224
S1,598,O3,210
S1,599,O1,173
S1,599,O2,206
S1,599,O3,220
S1,600,O1,179
S1,600,O2,218
S1,600,O3,212
S1,601,O1,155
S1,601,O2,219
S1,601,O3,192
S1,602,O1,179
S1,602,O2,216
S1,602,O3,198
S1,603,O1,174
S1,603,O2,211
S1,603,O3,206
S1,604,O1,171
S1,604,O2,207
S1,604,O3,212
S1,605,O1,179
S1,605,O2,233
S1,605,O3,209
S1,606,O1,172
S1,606,O2,234
S1,606,O3,210
S1,607,O1,172
S1,607,O2,230
S1,607,O3,216
S1,608,O1,170
S1,608,O2,217
S1,608,O3,192
S1,609,O1,166
S1,609,O2,211
S1,609,O3,228
S1,610,O1,154
S1,610,O2,228
S1,610,O3,210
S1,611,O1,179
S1,611,O2,227
S1,611,O3,194
S1,612,O1,161
S1,612,O2,225
S1,612,O3,196
S1,613,O1,170
S1,613,O2,215
S1,613,O3,218
S1,614,O1,170
S1,614,O2,213
S1,614,O3,204
S1,615,O1,185
S1,615,O2,212
S1,615,O3,203
S1,616,O1,170
S1,616,O2,251
S1,616,O3,188
S1,617,O1,166
S1,617,O2,228
S1,617,O3,210
S1,618,O1,159
S1,618,O2,218
S1,618,O3,209
S1,619,O1,175
S1,619,O2,235
S1,619,O3,206
S1,620,O1,157
S1,620,O2,233
S1,620,O3,233
S1,621,O1,174
S1,621,O2,215
S1,621,O3,221
S1,622,O1,162
S1,622,O2,217
S1,622,O3,195
S1,623,O1,173
S1,623,O2,225
S1,623,O3,197
S1,624,O1,163
S1,624,O2,220
S1,624,O3,199
S1,625,O1,160
S1,625,O2,209
S1,625,O3,213
S1,626,O1,176
S1,626,O2,221
S1,626,O3,198
S1,627,O1,168
S1,627,O2,211
S1,627,O3,206
S1,628,O1,148
S1,628,O2,224
S1,628,O3,213
S1,629,O1,159
S1,629,O2,215
S1,629,O3,215
S1,630,O1,174
S1,630,O2,216
S1,630,O3,215
S1,631,O1,174
S1,631,O2,213
S1,631,O3,221
S1,632,O1,165
S1,632,O2,223
S1,632,O3,220
S1,633,O1,150
S1,633,O2,226
S1,633,O3,205
S1,634,O1,168
S1,634,O2,226
S1,634,O3,212
S1,635,O1,174
S1,635,O2,214
S1,635,O3,209
S1,636,O1,173
S1,636,O2,233
S1,636,O3,184
S1,637,O1,173
S1,637,O2,222
S1,637,O3,204
S1,638,O1,167
S1,638,O2,221
S1,638,O3,203
S1,639,O1,169
S1,639,O2,218
S1,639,O3,197
S1,640,O1,172
S1,640,O2,230
S1,640,O3,211
S1,641,O1,159
S1,641,O2,227
S1,641,O3,193
S1,642,O1,171
S1,642,O2,227
S1,642,O3,206
S1,643,O1,161
S1,643,O2,229
S1,643,O3,216
S1,644,O1,156
S1,644,O2,215
S1,644,O3,203
S1,645,O1,172
S1,645,O2,223
S1,645,O3,210
S1,646,O1,153
S1,646,O2,207
S1,646,O3,233
S1,647,O1,169
S1,647,O2,231
S1,647,O3,207
S1,648,O1,154
S1,648,O2,227
S1,648,O3,205
S1,649,O1,164
S1,649,O2,210
S1,649,O3,198
S1,650,O1,175
S1,650,O2,212
S1,650,O3,199
S1,651,O1,181
S1,651,O2,221
S1,651,O3,211
S1,652,O1,177
S1,652,O2,219
S1,652,O3,192
S1,653,O1,173
S1,653,O2,205
S1,653,O3,203
S1,654,O1,159
S1,654,O2,217
S1,654,O3,220
S1,655,O1,163
S1,655,O2,219
S1,655,O3,208
S1,656,O1,162
S1,656,O2,232
S1,656,O3,214
S1,657,O1,164
S1,657,O2,220
S1,657,O3,212
S1,658,O1,151
S1,658,O2,221
S1,658,O3,208
S1,659,O1,178
S1,659,O2,218
S1,659,O3,190
S1,660,O1,159
S1,660,O2,221
S1,660,O3,218
S1,661,O1,170
S1,661,O2,229
S1,661,O3,221
S1,662,O1,150
S1,662,O2,228
S1,662,O3,197
S1,663,O1,173
S1,663,O2,228
S1,663,O3,206
S1,664,O1,163
S1,664,O2,213
S1,664,O3,218
S1,665,O1,166
S1,665,O2,210
S1,665,O3,219
S1,666,O1,156
S1,666,O2,218
S1,666,O3,184
S1,667,O1,173
S1,667,O2,215
S1,667,O3,211
S1,668,O1,161
S1,668,O2,216
S1,668,O3,206
S1,669,O1,165
S1,669,O2,217
S1,669,O3,203
S1,670,O1,165
S1,670,O2,227
S1,670,O3,208
S1,671,O1,172
S1,671,O2,220
S1,671,O3,216
S1,672,O1,175
S1,672,O2,225
S1,672,O3,212
S1,673,O1,169
S1,673,O2,228
S1,673,O3,201
S1,674,O1,156
S1,674,O2,209
S1,674,O3,209
S1,675,O1,172
S1,675,O2,225
S1,675,O3,221
S1,676,O1,178
S1,676,O2,232
S1,676,O3,211
S1,677,O1,164
S1,677,O2,221
S1,677,O3,199
S1,678,O1,167
S1,678,O2,224
S1,678,O3,205
S1,679,O1,171
S1,679,O2,218
S1,679,O3,209
S1,680,O1,191
S1,680,O2,215
S1,680,O3,195
S1,681,O1,180
S1,681,O2,215
S1,681,O3,191
S1,682,O1,177
S1,682,O2,225
S1,682,O3,208
S1,683,O1,173
S1,683,O2,222
S1,683,O3,213
S1,684,O1,143
S1,684,O2,230
S1,684,O3,216
S1,685,O1,179
S1,685,O2,225
S1,685,O3,207
S1,686,O1,160
S1,686,O2,229
S1,686,O3,232
S1,687,O1,159
S1,687,O2,218
S1,687,O3,211
S1,688,O1,150
S1,688,O2,207
S1,688,O3,210
S1,689,O1,168
S1,689,O2,210
S1,689,O3,196
S1,690,O1,164
S1,690,O2,224
S1,690,O3,213
S1,691,O1,174
S1,691,O2,212
S1,691,O3,201
S1,692,O1,154
S1,692,O2,223
S1,692,O3,217
S1,693,O1,172
S1,693,O2,209
S1,693,O3,202
S1,694,O1,156
S1,694,O2,235
S1,694,O3,209
S1,695,O1,159
S1,695,O2,212
S1,695,O3,223
S1,696,O1,176
S1,696,O2,220
S1,696,O3,196
S1,697,O1,173
S1,697,O2,230
S1,697,O3,207
S1,698,O1,173
S1,698,O2,215
S1,698,O3,223
S1,699,O1,179
S1,699,O2,241
S1,699,O3,188
S1,700,O1,180
S1,700,O2,221
S1,700,O3,207
S1,701,O1,166
S1,701,O2,211
S1,701,O3,200
S1,702,O1,160
S1,702,O2,217
S1,702,O3,191
S1,703,O1,167
S1,703,O2,229
S1,703,O3,214
S1,704,O1,167
S1,704,O2,247
S1,704,O3,203
S1,705,O1,166
S1,705,O2,210
S1,705,O3,229
S1,706,O1,164
S1,706,O2,228
S1,706,O3,218
S1,707,O1,160
S1,707,O2,215
S1,707,O3,218
S1,708,O1,167
S1,708,O2,208
S1,708,O3,198
S1,709,O1,174
S1,709,O2,221
S1,709,O3,206
S1,710,O1,176
S1,710,O2,207
S1,710,O3,195
S1,711,O1,147
S1,711,O2,224
S1,711,O3,199
S1,712,O1,175
S1,712,O2,211
S1,712,O3,218
S1,713,O1,164
S1,713,O2,222
S1,713,O3,213
S1,714,O1,167
S1,714,O2,242
S1,714,O3,226
S1,715,O1,155
S1,715,O2,243
S1,715,O3,205
S1,716,O1,173
S1,716,O2,225
S1,716,O3,220
S1,717,O1,167
S1,717,O2,222
S1,717,O3,203
S1,718,O1,183
S1,718,O2,226
S1,718,O3,218
S1,719,O1,162
S1,719,O2,209
S1,719,O3,215
S1,720,O1,168
S1,720,O2,233
S1,720,O3,212
S1,721,O1,152
S1,721,O2,218
S1,721,O3,182
S1,722,O1,174
S1,722,O2,215
S1,722,O3,203
S1,723,O1,164
S1,723,O2,206
S1,723,O3,210
S1,724,O1,165
S1,724,O2,259
S1,724,O3,216
S1,725,O1,163
S1,725,O2,220
S1,725,O3,232
S1,726,O1,176
S1,726,O2,216
S1,726,O3,216
S1,727,O1,163
S1,727,O2,216
S1,727,O3,211
S1,728,O1,174
S1,728,O2,224
S1,728,O3,208
S1,729,O1,167
S1,729,O2,210
S1,729,O3,211
S1,730,O1,171
S1,730,O2,232
S1,730,O3,230
S1,731,O1,168
S1,731,O2,246
S1,731,O3,213
S1,732,O1,175
S1,732,O2,212
S1,732,O3,203
S1,733,O1,159
S1,733,O2,218
S1,733,O3,196
S1,734,O1,149
S1,734,O2,202
S1,734,O3,203
S1,735,O1,157
S1,735,O2,225
S1,735,O3,197
S1,736,O1,167
S1,736,O2,197
S1,736,O3,210
S1,737,O1,170
S1,737,O2,220
S1,737,O3,196
S1,738,O1,178
S1,738,O2,215
S1,738,O3,199
S1,739,O1,176
S1,739,O2,241
S1,739,O3,219
S1,740,O1,178
S1,740,O2,226
S1,740,O3,199
S1,741,O1,157
S1,741,O2,229
S1,741,O3,201
S1,742,O1,167
S1,742,O2,218
S1,742,O3,221
S1,743,O1,169
S1,743,O2,229
S1,743,O3,219
S1,744,O1,160
S1,744,O2,228
S1,744,O3,202
S1,745,O1,176
S1,745,O2,203
S1,745,O3,230
S1,746,O1,174
S1,746,O2,207
S1,746,O3,221
S1,747,O1,172
S1,747,O2,229
S1,747,O3,214
S1,748,O1,165
S1,748,O2,221
S1,748,O3,212
S1,749,O1,168
S1,749,O2,232
S1,749,O3,204
S1,750,O1,163
S1,750,O2,227
S1,750,O3,210
S1,751,O1,160
S1,751,O2,234
S1,751,O3,206
S1,752,O1,164
S1,752,O2,228
S1,752,O3,195
S1,753,O1,172
S1,753,O2,215
S1,753,O3,205
S1,754,O1,169
S1,754,O2,221
S1,754,O3,216
S1,755,O1,148
S1,755,O2,229
S1,755,O3,219
S1,756,O1,181
S1,756,O2,223
S1,756,O3,198
S1,757,O1,150
S1,757,O2,235
S1,757,O3,216
S1,758,O1,165
S1,758,O2,216
S1,758,O3,197
S1,759,O1,162
S1,759,O2,241
S1,759,O3,213
S1,760,O1,168
S1,760,O2,229
S1,760,O3,196
S1,761,O1,185
S1,761,O2,223
S1,761,O3,221
S1,762,O1,180
S1,762,O2,218
S1,762,O3,204
S1,763,O1,179
S1,763,O2,229
S1,763,O3,211
S1,764,O1,180
S1,764,O2,221
S1,764,O3,224
S1,765,O1,164
S1,765,O2,210
S1,765,O3,204
S1,766,O1,157
S1,766,O2,197
S1,766,O3,221
S1,767,O1,177
S1,767,O2,225
S1,767,O3,208
S1,768,O1,167
S1,768,O2,223
S1,768,O3,220
S1,769,O1,167
S1,769,O2,226
S1,769,O3,202
S1,770,O1,166
S1,770,O2,214
S1,770,O3,209
S1,771,O1,172
S1,771,O2,232
S1,771,O3,201
S1,772,O1,177
S1,772,O2,207
S1,772,O3,210
S1,773,O1,172
S1,773,O2,227
S1,773,O3,219
S1,774,O1,169
S1,774,O2,237
S1,774,O3,200
S1,775,O1,178
S1,775,O2,245
S1,775,O3,214
S1,776,O1,166
S1,776,O2,219
S1,776,O3,216
S1,777,O1,171
S1,777,O2,220
S1,777,O3,233
S1,778,O1,164
S1,778,O2,214
S1,778,O3,220
S1,779,O1,163
S1,779,O2,226
S1,779,O3,211
S1,780,O1,164
S1,780,O2,210
S1,780,O3,209
S1,781,O1,168
S1,781,O2,217
S1,781,O3,200
S1,782,O1,173
S1,782,O2,197
S1,782,O3,202
S1,783,O1,169
S1,783,O2,213
S1,783,O3,205
S1,784,O1,168
S1,784,O2,223
S1,784,O3,197
S1,785,O1,158
S1,785,O2,211
S1,785,O3,202
S1,786,O1,162
S1,786,O2,233
S1,786,O3,219
S1,787,O1,158
S1,787,O2,227
S1,787,O3,207
S1,788,O1,176
S1,788,O2,207
S1,788,O3,191
S1,789,O1,157
S1,789,O2,225
S1,789,O3,204
S1,790,O1,169
S1,790,O2,214
S1,790,O3,224
S1,791,O1,161
S1,791,O2,220
S1,791,O3,222
S1,792,O1,168
S1,792,O2,222
S1,792,O3,215
S1,793,O1,166
S1,793,O2,208
S1,793,O3,205
S1,794,O1,167
S1,794,O2,219
S1,794,O3,205
S1,795,O1,170
S1,795,O2,223
S1,795,O3,215
S1,796,O1,151
S1,796,O2,219
S1,796,O3,231
S1,797,O1,183
S1,797,O2,227
S1,797,O3,212
S1,798,O1,167
S1,798,O2,203
S1,798,O3,232
S1,799,O1,175
S1,799,O2,206
S1,799,O3,217
S1,800,O1,177
S1,800,O2,213
S1,800,O3,185
S1,801,O1,173
S1,801,O2,219
S1,801,O3,184
S1,802,O1,160
S1,802,O2,213
S1,802,O3,195
S1,803,O1,168
S1,803,O2,237
S1,803,O3,216
S1,804,O1,166
S1,804,O2,213
S1,804,O3,209
S1,805,O1,163
S1,805,O2,209
S1,805,O3,212
S1,806,O1,168
S1,806,O2,218
S1,806,O3,196
S1,807,O1,171
S1,807,O2,211
S1,807,O3,223
S1,808,O1,189
S1,808,O2,204
S1,808,O3,217
S1,809,O1,165
S1,809,O2,217
S1,809,O3,207
S1,810,O1,156
S1,810,O2,219
S1,810,O3,209
S1,811,O1,167
S1,811,O2,220
S1,811,O3,215
S1,812,O1,183
S1,812,O2,220
S1,812,O3,196
S1,813,O1,172
S1,813,O2,216
S1,813,O3,217
S1,814,O1,170
S1,814,O2,231
S1,814,O3,219
S1,815,O1,162
S1,815,O2,221
S1,815,O3,227
S1,816,O1,169
S1,816,O2,244
S1,816,O3,187
S1,817,O1,167
S1,817,O2,216
S1,817,O3,215
S1,818,O1,170
S1,818,O2,211
S1,818,O3,194
S1,819,O1,181
S1,819,O2,247
S1,819,O3,213
S1,820,O1,177
S1,820,O2,220
S1,820,O3,226
S1,821,O1,168
S1,821,O2,216
S1,821,O3,194
S1,822,O1,170
S1,822,O2,236
S1,822,O3,208
S1,823,O1,156
S1,823,O2,230
S1,823,O3,204
S1,824,O1,166
S1,824,O2,238
S1,824,O3,213
S1,825,O1,179
S1,825,O2,222
S1,825,O3,200
S1,826,O1,156
S1,826,O2,224
S1,826,O3,200
S1,827,O1,165
S1,827,O2,212
S1,827,O3,197
S1,828,O1,160
S1,828,O2,237
S1,828,O3,210
S1,829,O1,155
S1,829,O2,217
S1,829,O3,193
S1,830,O1,158
S1,830,O2,213
S1,830,O3,202
S1,831,O1,174
S1,831,O2,217
S1,831,O3,225
S1,832,O1,173
S1,832,O2,212
S1,832,O3,214
S1,833,O1,169
S1,833,O2,222
S1,833,O3,206
S1,834,O1,171
S1,834,O2,243
S1,834,O3,229
S1,835,O1,168
S1,835,O2,215
S1,835,O3,218
S1,836,O1,170
S1,836,O2,235
S1,836,O3,224
S1,837,O1,170
S1,837,O2,211
S1,837,O3,232
S1,838,O1,174
S1,838,O2,207
S1,838,O3,206
S1,839,O1,162
S1,839,O2,219
S1,839,O3,214
S1,840,O1,172
S1,840,O2,245
S1,840,O3,222
S1,841,O1,152
S1,841,O2,242
S1,841,O3,210
S1,842,O1,178
S1,842,O2,232
S1,842,O3,207
S1,843,O1,189
S1,843,O2,216
S1,843,O3,193
S1,844,O1,163
S1,844,O2,217
S1,844,O3,206
S1,845,O1,166
S1,845,O2,223
S1,845,O3,211
S1,846,O1,172
S1,846,O2,239
S1,846,O3,204
S1,847,O1,164
S1,847,O2,230
S1,847,O3,221
S1,848,O1,167
S1,848,O2,222
S1,848,O3,213
S1,849,O1,173
S1,849,O2,210
S1,849,O3,214
S1,850,O1,160
S1,850,O2,211
S1,850,O3,207
S1,851,O1,165
S1,851,O2,218
S1,851,O3,220
S1,852,O1,153
S1,852,O2,219
S1,852,O3,198
S1,853,O1,165
S1,853,O2,222
S1,853,O3,203
S1,854,O1,174
S1,854,O2,223
S1,854,O3,214
S1,855,O1,162
S1,855,O2,229
S1,855,O3,206
S1,856,O1,156
S1,856,O2,233
S1,856,O3,229
S1,857,O1,162
S1,857,O2,219
S1,857,O3,208
S1,858,O1,185
S1,858,O2,231
S1,858,O3,223
S1,859,O1,171
S1,859,O2,227
S1,859,O3,196
S1,860,O1,166
S1,860,O2,216
S1,860,O3,207
S1,861,O1,155
S1,861,O2,207
S1,861,O3,204
S1,862,O1,168
S1,862,O2,226
S1,862,O3,208
S1,863,O1,170
S1,863,O2,222
S1,863,O3,214
S1,864,O1,159
S1,864,O2,210
S1,864,O3,221
S1,865,O1,177
S1,865,O2,243
S1,865,O3,222
S1,866,O1,181
S1,866,O2,209
S1,866,O3,207
S1,867,O1,169
S1,867,O2,222
S1,867,O3,206
S1,868,O1,168
S1,868,O2,229
S1,868,O3,200
S1,869,O1,168
S1,869,O2,221
S1,869,O3,226
S1,870,O1,164
S1,870,O2,207
S1,870,O3,190
S1,871,O1,164
S1,871,O2,215
S1,871,O3,216
S1,872,O1,172
S1,872,O2,222
S1,872,O3,207
S1,873,O1,160
S1,873,O2,212
S1,873,O3,187
S1,874,O1,172
S1,874,O2,229
S1,874,O3,201
S1,875,O1,180
S1,875,O2,220
S1,875,O3,200
S1,876,O1,156
S1,876,O2,237
S1,876,O3,189
S1,877,O1,170
S1,877,O2,227
S1,877,O3,220
S1,878,O1,163
S1,878,O2,228
S1,878,O3,191
S1,879,O1,170
S1,879,O2,225
S1,879,O3,197
S1,880,O1,160
S1,880,O2,225
S1,880,O3,209
S1,881,O1,182
S1,881,O2,219
S1,881,O3,200
S1,882,O1,157
S1,882,O2,254
S1,882,O3,212
S1,883,O1,150
S1,883,O2,199
S1,883,O3,214
S1,884,O1,179
S1,884,O2,212
S1,884,O3,206
S1,885,O1,180
S1,885,O2,234
S1,885,O3,209
S1,886,O1,172
S1,886,O2,237
S1,886,O3,204
S1,887,O1,176
S1,887,O2,227
S1,887,O3,196
S1,888,O1,170
S1,888,O2,213
S1,888,O3,196
S1,889,O1,181
S1,889,O2,217
S1,889,O3,210
S1,890,O1,180
S1,890,O2,206
S1,890,O3,220
S1,891,O1,153
S1,891,O2,222
S1,891,O3,193
S1,892,O1,165
S1,892,O2,229
S1,892,O3,208
S1,893,O1,155
S1,893,O2,193
S1,893,O3,233
S1,894,O1,178
S1,894,O2,232
S1,894,O3,206
S1,895,O1,159
S1,895,O2,220
S1,895,O3,214
S1,896,O1,168
S1,896,O2,223
S1,896,O3,218
S1,897,O1,173
S1,897,O2,227
S1,897,O3,204
S1,898,O1,184
S1,898,O2,221
S1,898,O3,214
S1,899,O1,159
S1,899,O2,209
S1,899,O3,216
S1,900,O1,171
S1,900,O2,232
S1,900,O3,209
S1,901,O1,152
S1,901,O2,236
S1,901,O3,216
S1,902,O1,158
S1,902,O2,222
S1,902,O3,222
S1,903,O1,157
S1,903,O2,222
S1,903,O3,224
S1,904,O1,194
S1,904,O2,203
S1,904,O3,192
S1,905,O1,171
S1,905,O2,217
S1,905,O3,201
S1,906,O1,167
S1,906,O2,219
S1,906,O3,213
S1,907,O1,164
S1,907,O2,206
S1,907,O3,193
S1,908,O1,147
S1,908,O2,210
S1,908,O3,198
S1,909,O1,170
S1,909,O2,214
S1,909,O3,203
S1,910,O1,159
S1,910,O2,241
S1,910,O3,215
S1,911,O1,174
S1,911,O2,228
S1,911,O3,180
S1,912,O1,171
S1,912,O2,228
S1,912,O3,208
S1,913,O1,174
S1,913,O2,233
S1,913,O3,191
S1,914,O1,173
S1,914,O2,230
S1,914,O3,208
S1,915,O1,169
S1,915,O2,218
S1,915,O3,208
S1,916,O1,156
S1,916,O2,200
S1,916,O3,223
S1,917,O1,180
S1,917,O2,236
S1,917,O3,213
S1,918,O1,180
S1,918,O2,243
S1,918,O3,215
S1,919,O1,161
S1,919,O2,217
S1,919,O3,200
S1,920,O1,167
S1,920,O2,229
S1,920,O3,211
S1,921,O1,154
S1,921,O2,213
S1,921,O3,188
S1,922,O1,166
S1,922,O2,203
S1,922,O3,194
S1,923,O1,156
S1,923,O2,227
S1,923,O3,201
S1,924,O1,160
S1,924,O2,195
S1,924,O3,207
S1,925,O1,169
S1,925,O2,236
S1,925,O3,207
S1,926,O1,169
S1,926,O2,233
S1,926,O3,190
S1,927,O1,165
S1,927,O2,210
S1,927,O3,256
S1,928,O1,160
S1,928,O2,230
S1,928,O3,223
S1,929,O1,157
S1,929,O2,232
S1,929,O3,208
S1,930,O1,169
S1,930,O2,223
S1,930,O3,191
S1,931,O1,180
S1,931,O2,245
S1,931,O3,206
S1,932,O1,168
S1,932,O2,217
S1,932,O3,200
S1,933,O1,167
S1,933,O2,226
S1,933,O3,205
S1,934,O1,170
S1,934,O2,233
S1,934,O3,213
S1,935,O1,163
S1,935,O2,232
S1,935,O3,229
S1,936,O1,162
S1,936,O2,221
S1,936,O3,221
S1,937,O1,165
S1,937,O2,221
S1,937,O3,199
S1,938,O1,175
S1,938,O2,213
S1,938,O3,212
S1,939,O1,174
S1,939,O2,234
S1,939,O3,221
S1,940,O1,171
S1,940,O2,205
S1,940,O3,193
S1,941,O1,183
S1,941,O2,231
S1,941,O3,221
S1,942,O1,165
S1,942,O2,222
S1,942,O3,199
S1,943,O1,171
S1,943,O2,209
S1,943,O3,237
S1,944,O1,159
S1,944,O2,214
S1,944,O3,200
S1,945,O1,164
S1,945,O2,237
S1,945,O3,219
S1,946,O1,184
S1,946,O2,206
S1,946,O3,187
S1,947,O1,176
S1,947,O2,221
S1,947,O3,216
S1,948,O1,174
S1,948,O2,207
S1,948,O3,207
S1,949,O1,175
S1,949,O2,204
S1,949,O3,213
S1,950,O1,164
S1,950,O2,240
S1,950,O3,205
S1,951,O1,164
S1,951,O2,226
S1,951,O3,225
S1,952,O1,179
S1,952,O2,229
S1,952,O3,207
S1,953,O1,178
S1,953,O2,225
S1,953,O3,200
S1,954,O1,167
S1,954,O2,226
S1,954,O3,213
S1,955,O1,164
S1,955,O2,225
S1,955,O3,225
S1,956,O1,167
S1,956,O2,209
S1,956,O3,191
S1,957,O1,168
S1,957,O2,220
S1,957,O3,233
S1,958,O1,162
S1,958,O2,216
S1,958,O3,211
S1,959,O1,176
S1,959,O2,232
S1,959,O3,233
S1,960,O1,164
S1,960,O2,229
S1,960,O3,218
S1,961,O1,162
S1,961,O2,214
S1,961,O3,199
S1,962,O1,168
S1,962,O2,230
S1,962,O3,220
S1,963,O1,184
S1,963,O2,214
S1,963,O3,214
S1,964,O1,174
S1,964,O2,225
S1,964,O3,211
S1,965,O1,180
S1,965,O2,209
S1,965,O3,218
S1,966,O1,161
S1,966,O2,234
S1,966,O3,210
S1,967,O1,165
S1,967,O2,225
S1,967,O3,194
S1,968,O1,161
S1,968,O2,219
S1,968,O3,207
S1,969,O1,181
S1,969,O2,205
S1,969,O3,205
S1,970,O1,161
S1,970,O2,221
S1,970,O3,208
S1,971,O1,172
S1,971,O2,211
S1,971,O3,221
S1,972,O1,161
S1,972,O2,208
S1,972,O3,198
S1,973,O1,176
S1,973,O2,235
S1,973,O3,194
S1,974,O1,167
S1,974,O2,219
S1,974,O3,215
S1,975,O1,172
S1,975,O2,221
S1,975,O3,222
S1,976,O1,167
S1,976,O2,217
S1,976,O3,217
S1,977,O1,160
S1,977,O2,219
S1,977,O3,188
S1,978,O1,168
S1,978,O2,218
S1,978,O3,223
S1,979,O1,177
S1,979,O2,220
S1,979,O3,207
S1,980,O1,159
S1,980,O2,237
S1,980,O3,222
S1,981,O1,167
S1,981,O2,224
S1,981,O3,194
S1,982,O1,167
S1,982,O2,205
S1,982,O3,208
S1,983,O1,174
S1,983,O2,224
S1,983,O3,204
S1,984,O1,165
S1,984,O2,215
S1,984,O3,213
S1,985,O1,175
S1,985,O2,217
S1,985,O3,204
S1,986,O1,176
S1,986,O2,233
S1,986,O3,203
S1,987,O1,172
S1,987,O2,213
S1,987,O3,222
S1,988,O1,168
S1,988,O2,216
S1,988,O3,208
S1,989,O1,160
S1,989,O2,232
S1,989,O3,218
S1,990,O1,169
S1,990,O2,208
S1,990,O3,194
S1,991,O1,169
S1,991,O2,216
S1,991,O3,219
S1,992,O1,170
S1,992,O2,215
S1,992,O3,198
S1,993,O1,181
S1,993,O2,203
S1,993,O3,194
S1,994,O1,163
S1,994,O2,207
S1,994,O3,224
S1,995,O1,163
S1,995,O2,215
S1,995,O3,205
S1,996,O1,147
S1,996,O2,214
S1,996,O3,199
S1,997,O1,174
S1,997,O2,219
S1,997,O3,205
S1,998,O1,172
S1,998,O2,237
S1,998,O3,209
S1,999,O1,162
S1,999,O2,220
S1,999,O3,218
S1,1000,O1,161
S1,1000,O2,211
S1,1000,O3,206
S1,1001,O1,168
S1,1001,O2,213
S1,1001,O3,215
S1,1002,O1,181
S1,1002,O2,202
S1,1002,O3,222
S1,1003,O1,166
S1,1003,O2,211
S1,1003,O3,197
S1,1004,O1,162
S1,1004,O2,231
S1,1004,O3,228
S1,1005,O1,172
S1,1005,O2,240
S1,1005,O3,193
S1,1006,O1,161
S1,1006,O2,219
S1,1006,O3,211
S1,1007,O1,155
S1,1007,O2,224
S1,1007,O3,224
S1,1008,O1,172
S1,1008,O2,229
S1,1008,O3,209
S1,1009,O1,176
S1,1009,O2,209
S1,1009,O3,190
S1,1010,O1,156
S1,1010,O2,223
S1,1010,O3,188
S1,1011,O1,169
S1,1011,O2,214
S1,1011,O3,211
S1,1012,O1,166
S1,1012,O2,233
S1,1012,O3,211
S1,1013,O1,173
S1,1013,O2,229
S1,1013,O3,197
S1,1014,O1,161
S1,1014,O2,214
S1,1014,O3,207
S1,1015,O1,169
S1,1015,O2,228
S1,1015,O3,203
S1,1016,O1,173
S1,1016,O2,209
S1,1016,O3,222
S1,1017,O1,176
S1,1017,O2,248
S1,1017,O3,206
S1,1018,O1,164
S1,1018,O2,213
S1,1018,O3,220
S1,1019,O1,162
S1,1019,O2,224
S1,1019,O3,213
S1,1020,O1,163
S1,1020,O2,217
S1,1020,O3,212
S1,1021,O1,173
S1,1021,O2,225
S1,1021,O3,207
S1,1022,O1,176
S1,1022,O2,231
S1,1022,O3,198
S1,1023,O1,177
S1,1023,O2,229
S1,1023,O3,213
