lane,role,genes,projection_seed,panel_seed,zero_library_cells,own_denominator_only,embedding_digest
S0,primary,14660,RMMO12_STATE_HASH_PROJECTION_V1,,0,True,204843770e4b66d38a120fa4e72bbeccafcfd0f4714144d6afc012a909b13da6
S1,projection,14660,RMMO13_PROJECTION_A,,0,True,3f02e3c8c50aef235b549db66f92c78545c1e5dc8fe5ba64fcf1498abdbedf9f
S2,projection,14660,RMMO13_PROJECTION_B,,0,True,3d3fb379a26e050170e47c5c90af4b435c55b438e59e40d75bef370b362a9394
S3,projection,14660,RMMO13_PROJECTION_C,,0,True,df3d6598503944b0336d85ace56d5027da11112517a8eacc8a10f2ddd3c3d019
S4,projection,14660,RMMO13_PROJECTION_D,,0,True,ff102ba7d6d11cc06ec0cf213a78c34773443d9f37ca2335d8b4ff2e8ce1f4a3
S5,subpanel,10300,RMMO12_STATE_HASH_PROJECTION_V1,RMMO13_PANEL_A,0,True,cdff1b2b525940f328992048c0c7f320adb9e89813194bddadf067c8ead776d8
S6,subpanel,10307,RMMO12_STATE_HASH_PROJECTION_V1,RMMO13_PANEL_B,0,True,1f510b84b375a273ddb13b57bcde704856eef0a5e7bc81b1f2693f8ce1de1505
S7,subpanel,10268,RMMO12_STATE_HASH_PROJECTION_V1,RMMO13_PANEL_C,0,True,dc5663d221bb7d204bd7f3e292ce75442714e83af11419cf6c5ab3688c25d966
S8,subpanel,10207,RMMO12_STATE_HASH_PROJECTION_V1,RMMO13_PANEL_D,0,True,f082f685a569dc45066dfbcaf2f2a322aa916c4f37d43b7969196a34cf7b836a
