owner,bank,family,panel,metric,scale,offset,direction,role,independent_bank_available,T_sum,T_min,sum_tail,min_tail,standardization
rmmo_paper3_referee05,edge_agreement,edge_agreement,heldout,edge_distance,q50_relation,0,-1,publication_primary,True,29.18552719627647,6.863016875900799,0.000975609756097561,0.000975609756097561,independent_calibration
rmmo_paper3_referee05,spatial_overlap/S1,spatial_overlap/S1,spatial,overlap_size,q25,0,1,publication_primary,True,14.4075343734044,3.8951528515669502,0.000975609756097561,0.000975609756097561,independent_calibration
rmmo_paper3_referee05,matched_coherence/q10,matched_coherence/q10,state,defect,q10,0,-1,manuscript_sensitivity,False,45.66402943395735,9.575962008357951,0.000975609756097561,0.000975609756097561,independent_calibration
rmmo_paper3_referee05,matched_coherence/q10,matched_coherence/q10,heldout,defect,q10,6,-1,manuscript_sensitivity,False,40.12403862695963,7.350899455543183,0.000975609756097561,0.000975609756097561,independent_calibration
rmmo_paper3_referee05,matched_coherence/q25,matched_coherence/q25,state,defect,q25,0,-1,publication_primary,True,74.96511596736325,17.36927597987449,0.000975609756097561,0.000975609756097561,independent_calibration
rmmo_paper3_referee05,matched_coherence/q25,matched_coherence/q25,heldout,defect,q25,6,-1,publication_primary,True,65.82813538644434,10.596659710160957,0.000975609756097561,0.000975609756097561,independent_calibration
rmmo_paper3_referee05,matched_coherence/q50,matched_coherence/q50,state,defect,q50,0,-1,manuscript_sensitivity,False,113.01066153227683,26.383334625753704,0.000975609756097561,0.000975609756097561,independent_calibration
rmmo_paper3_referee05,matched_coherence/q50,matched_coherence/q50,heldout,defect,q50,6,-1,manuscript_sensitivity,False,88.35967591984362,11.146418947118837,0.000975609756097561,0.000975609756097561,independent_calibration
rmmo_paper3_referee05,source_fidelity/q10,source_fidelity/q10,state,source_error,q10,3,-1,manuscript_sensitivity,False,15.129007239538556,3.2570414941302768,0.000975609756097561,0.000975609756097561,independent_calibration
rmmo_paper3_referee05,source_fidelity/q10,source_fidelity/q10,heldout,source_error,q10,9,-1,manuscript_sensitivity,False,10.727705584915322,1.940379935001257,0.000975609756097561,0.000975609756097561,independent_calibration
rmmo_paper3_referee05,source_fidelity/q25,source_fidelity/q25,state,source_error,q25,3,-1,publication_primary,True,16.073268121575545,3.5457214296700386,0.000975609756097561,0.000975609756097561,independent_calibration
rmmo_paper3_referee05,source_fidelity/q25,source_fidelity/q25,heldout,source_error,q25,9,-1,publication_primary,True,11.70928775268555,1.6771850200494942,0.000975609756097561,0.000975609756097561,independent_calibration
rmmo_paper3_referee05,source_fidelity/q50,source_fidelity/q50,state,source_error,q50,3,-1,manuscript_sensitivity,False,17.38755551140118,4.133705053639737,0.000975609756097561,0.000975609756097561,independent_calibration
rmmo_paper3_referee05,source_fidelity/q50,source_fidelity/q50,heldout,source_error,q50,9,-1,manuscript_sensitivity,False,10.764997350355877,1.6112587335536652,0.000975609756097561,0.001951219512195122,independent_calibration
rmmo_paper3_referee05,retention/R0,retention/R0,state,defect,q25,0,-1,publication_primary,True,124.10030716238799,36.136425376686105,0.000975609756097561,0.000975609756097561,independent_calibration
rmmo_paper3_referee05,retention/R0,retention/R0,state,source_error,q25,3,-1,publication_primary,True,122.25940464396301,38.43089612299423,0.000975609756097561,0.000975609756097561,independent_calibration
rmmo_paper3_referee05,retention/R0,retention/R0,heldout,defect,q25,6,-1,publication_primary,True,98.40446244348608,22.52131799814591,0.000975609756097561,0.000975609756097561,independent_calibration
rmmo_paper3_referee05,retention/R0,retention/R0,heldout,source_error,q25,9,-1,publication_primary,True,84.84442294316523,22.95419007957986,0.000975609756097561,0.000975609756097561,independent_calibration
rmmo_paper3_referee05,retention/R1,retention/R1,state,defect,q25,0,-1,publication_primary,True,115.09278506045644,33.35099714281755,0.000975609756097561,0.000975609756097561,independent_calibration
rmmo_paper3_referee05,retention/R1,retention/R1,state,source_error,q25,3,-1,publication_primary,True,101.61773364180006,32.80630588976936,0.000975609756097561,0.000975609756097561,independent_calibration
rmmo_paper3_referee05,retention/R1,retention/R1,heldout,defect,q25,6,-1,publication_primary,True,87.31277921833254,19.671342796964215,0.000975609756097561,0.000975609756097561,independent_calibration
rmmo_paper3_referee05,retention/R1,retention/R1,heldout,source_error,q25,9,-1,publication_primary,True,66.1856887797086,18.14555740004127,0.000975609756097561,0.000975609756097561,independent_calibration
rmmo_paper3_referee05,retention/R2,retention/R2,state,defect,q25,0,-1,publication_primary,True,72.88568173788457,17.68147720934693,0.000975609756097561,0.000975609756097561,independent_calibration
rmmo_paper3_referee05,retention/R2,retention/R2,state,source_error,q25,3,-1,publication_primary,True,77.71673711870949,23.10955175835574,0.000975609756097561,0.000975609756097561,independent_calibration
rmmo_paper3_referee05,retention/R2,retention/R2,heldout,defect,q25,6,-1,publication_primary,True,66.17940743624916,11.245589273942873,0.000975609756097561,0.000975609756097561,independent_calibration
rmmo_paper3_referee05,retention/R2,retention/R2,heldout,source_error,q25,9,-1,publication_primary,True,51.65663308924613,14.238777919536368,0.000975609756097561,0.000975609756097561,independent_calibration
rmmo_paper3_referee05,retention/R3,retention/R3,state,defect,q25,0,-1,publication_primary,True,39.645624042579456,11.041492483465674,0.000975609756097561,0.000975609756097561,independent_calibration
rmmo_paper3_referee05,retention/R3,retention/R3,state,source_error,q25,3,-1,publication_primary,True,61.17392017981665,15.699416293012321,0.000975609756097561,0.000975609756097561,independent_calibration
rmmo_paper3_referee05,retention/R3,retention/R3,heldout,defect,q25,6,-1,publication_primary,True,41.277280326812246,5.312546719199924,0.000975609756097561,0.000975609756097561,independent_calibration
rmmo_paper3_referee05,retention/R3,retention/R3,heldout,source_error,q25,9,-1,publication_primary,True,40.81447264147979,12.553696575039615,0.000975609756097561,0.000975609756097561,independent_calibration
rmmo_paper3_referee05,representation/pca32,representation/pca32,state,defect,q25,0,-1,manuscript_sensitivity,False,140.37683963314078,38.22046503317582,0.000975609756097561,0.000975609756097561,independent_calibration
rmmo_paper3_referee05,representation/pca32,representation/pca32,heldout,defect,q25,6,-1,manuscript_sensitivity,False,20.51581109302463,4.487445618590504,0.000975609756097561,0.000975609756097561,independent_calibration
rmmo_paper3_referee05,representation/pca64,representation/pca64,state,defect,q25,0,-1,manuscript_sensitivity,False,137.12389572310445,37.76614856562957,0.000975609756097561,0.000975609756097561,independent_calibration
rmmo_paper3_referee05,representation/pca64,representation/pca64,heldout,defect,q25,6,-1,manuscript_sensitivity,False,21.96650639811307,5.923497925345911,0.000975609756097561,0.000975609756097561,independent_calibration
rmmo_paper3_acceptance07,acceptance07/representation/hash_s0_q25,acceptance07/representation/hash_s0_q25,state,defect,q25,0,-1,manuscript_sensitivity,False,92.9698877398624,26.625080004889163,0.000975609756097561,0.000975609756097561,independent_calibration
rmmo_paper3_acceptance07,acceptance07/representation/hash_s0_q25,acceptance07/representation/hash_s0_q25,heldout,defect,q25,3,-1,manuscript_sensitivity,False,25.802163607758924,7.837050666099917,0.000975609756097561,0.000975609756097561,independent_calibration
