scale,panel,metric,component,observed,null_mean,null_sd,null95_lo,null95_hi,absolute_effect,relative_effect,Z,conditional_tail,maxT_tail,T_sum,T_min,sum_tail,min_tail
q10,state,defect,O1,0.35252348591731786,0.47180485637454517,0.006295129148518794,0.45949744242601737,0.48387141576320253,0.11928137045722731,0.2528192934973418,18.94817058734809,0.000975609756097561,0.000975609756097561,44.69763892058231,9.805293141752891,0.000975609756097561,0.000975609756097561
q10,state,defect,O2,0.27851289325989026,0.3128357420262509,0.003500430860886365,0.30572026330782814,0.31943456071898013,0.03432284876636066,0.10971524079713543,9.805293141752891,0.000975609756097561,0.000975609756097561,44.69763892058231,9.805293141752891,0.000975609756097561,0.000975609756097561
q10,state,defect,O3,0.3083686666932532,0.37942451722042075,0.0044565297503366234,0.37042150037201543,0.38799955826227045,0.07105585052716756,0.18727269141094743,15.944175191481325,0.000975609756097561,0.000975609756097561,44.69763892058231,9.805293141752891,0.000975609756097561,0.000975609756097561
q10,state,source_error,O1,0.3923703870812216,0.46060586045315005,0.003615443680199664,0.45295141026145275,0.4674191624288333,0.06823547337192842,0.14814286840553326,18.873281034030594,0.000975609756097561,0.000975609756097561,51.72044888487884,15.29864155105768,0.000975609756097561,0.000975609756097561
q10,state,source_error,O2,0.408052852224778,0.4436951098481568,0.0020310584221844984,0.4395294928644144,0.44751552806657074,0.035642257623378804,0.08033051713275913,17.54852629979057,0.000975609756097561,0.000975609756097561,51.72044888487884,15.29864155105768,0.000975609756097561,0.000975609756097561
q10,state,source_error,O3,0.38111660065227265,0.42086847812648637,0.002598382631237605,0.4157806804641746,0.42598648144327317,0.039751877474213715,0.09445201895654162,15.29864155105768,0.000975609756097561,0.000975609756097561,51.72044888487884,15.29864155105768,0.000975609756097561,0.000975609756097561
q10,heldout,defect,O1,0.28820368720451567,0.3846508552736664,0.005111210671295729,0.37502943177175013,0.3946572324779221,0.09644716806915071,0.2507395128512888,18.869693615615446,0.000975609756097561,0.000975609756097561,39.3540184774468,7.357021791806725,0.000975609756097561,0.000975609756097561
q10,heldout,defect,O2,0.226028178094217,0.24497593645956744,0.0025754558476684076,0.2400677567433644,0.2498867862219521,0.018947758365350453,0.07734538599662716,7.357021791806725,0.000975609756097561,0.000975609756097561,39.3540184774468,7.357021791806725,0.000975609756097561,0.000975609756097561
q10,heldout,defect,O3,0.25367335915674094,0.2987523204393209,0.0034339749580767956,0.29198690291337964,0.30529001877063744,0.04507896128257993,0.15089074861842236,13.127303070024634,0.000975609756097561,0.000975609756097561,39.3540184774468,7.357021791806725,0.000975609756097561,0.000975609756097561
q10,heldout,source_error,O1,0.33346268609388,0.3761714432477299,0.00290189683958041,0.3703626517913633,0.38189408632686744,0.04270875715384986,0.11353535182021715,14.717480441248476,0.000975609756097561,0.000975609756097561,35.082650187627806,9.349162332175482,0.000975609756097561,0.000975609756097561
q10,heldout,source_error,O2,0.35382985257091093,0.3683587258354165,0.0015540194144325569,0.36544164072846763,0.3714503367194757,0.014528873264505582,0.03944218568884157,9.349162332175482,0.000975609756097561,0.000975609756097561,35.082650187627806,9.349162332175482,0.000975609756097561,0.000975609756097561
q10,heldout,source_error,O3,0.3272359340323338,0.3494987876733965,0.002020944852695301,0.34529382689974514,0.35323133127979195,0.022262853641062674,0.06369937300574305,11.016007414203846,0.000975609756097561,0.000975609756097561,35.082650187627806,9.349162332175482,0.000975609756097561,0.000975609756097561
q25,state,defect,O1,0.3234300847728346,0.42572312495931613,0.0034127669659392967,0.41898300772577346,0.43277692603295853,0.10229304018648155,0.24028067584126914,29.973549753588276,0.000975609756097561,0.000975609756097561,75.46588251474682,18.95497751080275,0.000975609756097561,0.000975609756097561
q25,state,defect,O2,0.23925545247174965,0.27312176994326015,0.0017866614667537612,0.26962500783991206,0.27653529982981817,0.033866317471510504,0.12399713680292158,18.95497751080275,0.000975609756097561,0.000975609756097561,75.46588251474682,18.95497751080275,0.000975609756097561,0.000975609756097561
q25,state,defect,O3,0.28312542496476145,0.34625756663236834,0.00237898146587942,0.34184322411447127,0.3511687944454644,0.06313214166760689,0.18232711065816537,26.53735525035581,0.000975609756097561,0.000975609756097561,75.46588251474682,18.95497751080275,0.000975609756097561,0.000975609756097561
q25,state,source_error,O1,0.3968923845368149,0.44983113186582446,0.0019838917919480837,0.44559524819446095,0.4537962425127907,0.05293874732900955,0.11768582380998946,26.684157221828293,0.000975609756097561,0.000975609756097561,78.2944349047847,24.313303443187696,0.000975609756097561,0.000975609756097561
q25,state,source_error,O2,0.4229548174778895,0.4511674221641999,0.0010335332945241142,0.44908544213780166,0.45316303300001287,0.028212604686310427,0.06253245092692576,27.29697423976871,0.000975609756097561,0.000975609756097561,78.2944349047847,24.313303443187696,0.000975609756097561,0.000975609756097561
q25,state,source_error,O3,0.38992525396394234,0.42310355379206704,0.0013646050514121467,0.42046665708202735,0.4257311172101281,0.0331782998281247,0.07841650000517386,24.313303443187696,0.000975609756097561,0.000975609756097561,78.2944349047847,24.313303443187696,0.000975609756097561,0.000975609756097561
q25,heldout,defect,O1,0.2581352373880937,0.34484963541261643,0.0027721978597057837,0.33945607800238636,0.3507350820567754,0.08671439802452274,0.25145567551715114,31.279904831424076,0.000975609756097561,0.000975609756097561,63.089955451523,10.607129907913539,0.000975609756097561,0.000975609756097561
q25,heldout,defect,O2,0.19419104175363566,0.20888112377788948,0.001384915248562682,0.20615715326848694,0.2115649028892991,0.014690082024253814,0.07032747506602983,10.607129907913539,0.000975609756097561,0.000975609756097561,63.089955451523,10.607129907913539,0.000975609756097561,0.000975609756097561
q25,heldout,defect,O3,0.23147256170434924,0.2719422352330376,0.0019086739062427064,0.26836329087918553,0.27565418262703134,0.04046967352868838,0.1488171688153125,21.202920712185385,0.000975609756097561,0.000975609756097561,63.089955451523,10.607129907913539,0.000975609756097561,0.000975609756097561
q25,heldout,source_error,O1,0.3361263858301881,0.36865965591408256,0.0015134448043956175,0.36563734321835173,0.3715246493392482,0.03253327008389445,0.08824743787933347,21.496030135426658,0.000975609756097561,0.000975609756097561,52.154571759018324,14.444056126405723,0.000975609756097561,0.000975609756097561
q25,heldout,source_error,O2,0.35465429423092054,0.36580361723827487,0.0007718869595369981,0.36430723634911094,0.3673049299259045,0.011149323007354328,0.03047898512193211,14.444056126405723,0.000975609756097561,0.000975609756097561,52.154571759018324,14.444056126405723,0.000975609756097561,0.000975609756097561
q25,heldout,source_error,O3,0.32933332693992323,0.3474087642304521,0.0011147609431585647,0.3451491479298924,0.3496265129755176,0.01807543729052885,0.052029307120584296,16.21448549718595,0.000975609756097561,0.000975609756097561,52.154571759018324,14.444056126405723,0.000975609756097561,0.000975609756097561
q50,state,defect,O1,0.29992884675008175,0.3884457027343983,0.001991580837715991,0.38470535969397907,0.3921777106618232,0.08851685598431658,0.22787446317778012,44.445301870252656,0.000975609756097561,0.000975609756097561,112.04989540938253,26.638656513830153,0.000975609756097561,0.000975609756097561
q50,state,defect,O2,0.20496463637397913,0.23588850591619012,0.001160854457490792,0.2335964958455917,0.2381687797389971,0.03092386954221099,0.13109527919600317,26.638656513830153,0.000975609756097561,0.000975609756097561,112.04989540938253,26.638656513830153,0.000975609756097561,0.000975609756097561
q50,state,defect,O3,0.2611582224905004,0.3219912424670669,0.0014849559105563057,0.31912577993964786,0.3248626014203028,0.06083301997656648,0.18892756060838659,40.96593702529972,0.000975609756097561,0.000975609756097561,112.04989540938253,26.638656513830153,0.000975609756097561,0.000975609756097561
q50,state,source_error,O1,0.40509219816064024,0.44629935433706897,0.0011386488656946537,0.444094141438321,0.4485853935067781,0.04120715617642873,0.09233075462911582,36.18920241866274,0.000975609756097561,0.000975609756097561,107.4002781280777,35.48710966583412,0.000975609756097561,0.000975609756097561
q50,state,source_error,O2,0.4384841179700607,0.46001142568302494,0.0006066133039454903,0.4587633378712579,0.46120004247814245,0.02152730771296424,0.046797332655380226,35.48710966583412,0.000975609756097561,0.000975609756097561,107.4002781280777,35.48710966583412,0.000975609756097561,0.000975609756097561
q50,state,source_error,O3,0.40265895409583613,0.4316228038828748,0.0008107580359931113,0.4300300392688647,0.43317246068393134,0.028963849787038642,0.06710454018295631,35.723966043580845,0.000975609756097561,0.000975609756097561,107.4002781280777,35.48710966583412,0.000975609756097561,0.000975609756097561
q50,heldout,defect,O1,0.23881503437450993,0.3134170753892795,0.0015766151683173375,0.31039462619172714,0.31648209014922307,0.07460204101476955,0.2380280044477798,47.31755049577765,0.000975609756097561,0.000975609756097561,88.68309035420303,11.470317815872694,0.000975609756097561,0.000975609756097561
q50,heldout,defect,O2,0.1658296586391348,0.17494025225286172,0.0007942656042138289,0.1734574826236664,0.1765819961717002,0.00911059361372693,0.05207831528994435,11.470317815872694,0.000975609756097561,0.000975609756097561,88.68309035420303,11.470317815872694,0.000975609756097561,0.000975609756097561
q50,heldout,defect,O3,0.21639929362125387,0.2504518817717471,0.0011390545669740456,0.24829130174696445,0.25278306874377127,0.034052588150493224,0.13596459291740334,29.895222042552692,0.000975609756097561,0.000975609756097561,88.68309035420303,11.470317815872694,0.000975609756097561,0.000975609756097561
q50,heldout,source_error,O1,0.335523441682621,0.36016490099178344,0.0009840025734896298,0.3583615934380542,0.36214012963773046,0.02464145930916245,0.0684171590327304,25.04181346156563,0.000975609756097561,0.000975609756097561,60.428671177233355,14.90268363232421,0.000975609756097561,0.000975609756097561
q50,heldout,source_error,O2,0.35820753327987714,0.3647152993253801,0.0004366741708554753,0.3638883733639849,0.3655789588455418,0.006507766045502961,0.017843413910906623,14.90268363232421,0.000975609756097561,0.000975609756097561,60.428671177233355,14.90268363232421,0.000975609756097561,0.000975609756097561
q50,heldout,source_error,O3,0.3330845253940839,0.34665046630711166,0.00066225448075633,0.34532826676520845,0.34789615256754036,0.013565940913027763,0.03913435068340323,20.48417408334351,0.000975609756097561,0.000975609756097561,60.428671177233355,14.90268363232421,0.000975609756097561,0.000975609756097561
