reference,comparison,like_for_like,pair,object,reference_count,strict_count,intersection,gained,lost,Jaccard,orientation,overlap
hash_primary,pca64,True,P12,source,656,516,330,186,326,0.3919239904988123,,
hash_primary,pca64,True,P12,target,509,649,279,370,230,0.3174061433447099,,
hash_primary,pca64,True,P12,edge,4798,4910,290,4620,4508,0.030792100233595243,,
hash_primary,pca64,True,P13,source,572,544,331,213,241,0.42165605095541403,,
hash_primary,pca64,True,P13,target,631,659,333,326,298,0.34796238244514105,,
hash_primary,pca64,True,P13,edge,4355,3405,198,3207,4157,0.026183549325575244,,
hash_primary,pca64,True,P23,source,545,708,320,388,225,0.3429796355841372,,
hash_primary,pca64,True,P23,target,791,628,374,254,417,0.35789473684210527,,
hash_primary,pca64,True,P23,edge,4959,7230,386,6844,4573,0.03270354994492926,,
hash_primary,pca64,True,,domain,463,366,167,199,296,0.25226586102719034,L12,
hash_primary,pca64,True,,domain,356,462,140,322,216,0.20648967551622419,L21,
hash_primary,pca64,True,,domain,399,376,151,225,248,0.2419871794871795,L13,
hash_primary,pca64,True,,domain,466,479,177,302,289,0.23046875,L31,
hash_primary,pca64,True,,domain,388,515,176,339,212,0.24209078404401652,L23,
hash_primary,pca64,True,,domain,581,451,202,249,379,0.2433734939759036,L32,
hash_primary,pca64,True,,overlap,363,275,100,175,263,0.18587360594795538,,O1
hash_primary,pca64,True,,overlap,293,397,109,288,184,0.18760757314974183,,O2
hash_primary,pca64,True,,overlap,412,308,102,206,310,0.1650485436893204,,O3
hash,pca64,False,P12,source,50,516,36,480,14,0.06792452830188679,,
hash,pca64,False,P12,target,26,649,20,629,6,0.030534351145038167,,
hash,pca64,False,P12,edge,59,4910,16,4894,43,0.0032303654350898446,,
hash,pca64,False,P13,source,15,544,10,534,5,0.018214936247723135,,
hash,pca64,False,P13,target,9,659,6,653,3,0.00906344410876133,,
hash,pca64,False,P13,edge,17,3405,2,3403,15,0.0005847953216374269,,
hash,pca64,False,P23,source,20,708,18,690,2,0.02535211267605634,,
hash,pca64,False,P23,target,36,628,29,599,7,0.04566929133858268,,
hash,pca64,False,P23,edge,44,7230,18,7212,26,0.0024807056229327455,,
hash,pca64,False,,domain,258,366,91,275,167,0.17073170731707318,L12,
hash,pca64,False,,domain,325,462,148,314,177,0.23161189358372458,L21,
hash,pca64,False,,domain,258,376,105,271,153,0.19848771266540643,L13,
hash,pca64,False,,domain,344,479,142,337,202,0.20851688693098386,L31,
hash,pca64,False,,domain,325,515,146,369,179,0.21037463976945245,L23,
hash,pca64,False,,domain,344,451,142,309,202,0.21745788667687596,L32,
hash,pca64,False,,overlap,207,275,57,218,150,0.13411764705882354,,O1
hash,pca64,False,,overlap,287,397,111,286,176,0.193717277486911,,O2
hash,pca64,False,,overlap,252,308,71,237,181,0.14519427402862986,,O3
