previous,publication,source_data,updated_primary_calibration
Figure1.pdf,RMMO_Paper3_Figure1_StrictConstructionConsensus.pdf,RMMO_Paper3_Figure1_StrictConstructionConsensus_authority.csv,False
Figure2.pdf,RMMO_Paper3_Figure2_PrimaryMolecularResults.pdf,RMMO_Paper3_Figure2_PrimaryMolecularResults_authority.csv,True
Figure3.pdf,RMMO_Paper3_Figure3_FiberSpatialBiologicalGeometry.pdf,RMMO_Paper3_Figure3_FiberSpatialBiologicalGeometry_authority.csv,False
Figure4.pdf,RMMO_Paper3_Figure4_CompetitiveBaselines.pdf,RMMO_Paper3_Figure4_CompetitiveBaselines_authority.csv,False
Figure5.pdf,RMMO_Paper3_Figure5_ConstructionRepresentationSensitivity.pdf,RMMO_Paper3_Figure5_ConstructionRepresentationSensitivity_authority.csv,False
Figure6.pdf,RMMO_Paper3_Figure6_RetentionGlobalBoundary.pdf,RMMO_Paper3_Figure6_RetentionGlobalBoundary_authority.csv,False
FigureS1.pdf,RMMO_Paper3_FigureS1_ConsensusVoteHistogram.pdf,RMMO_Paper3_FigureS1_ConsensusVoteHistogram_authority.csv,False
FigureS2.pdf,RMMO_Paper3_FigureS2_RetentionTrajectories.pdf,RMMO_Paper3_FigureS2_RetentionTrajectories_authority.csv,False
FigureS3.pdf,RMMO_Paper3_FigureS3_DomainScaleSensitivity.pdf,RMMO_Paper3_FigureS3_DomainScaleSensitivity_authority.csv,False
FigureS4.pdf,RMMO_Paper3_FigureS4_RetentionEffectSurface.pdf,RMMO_Paper3_FigureS4_RetentionEffectSurface_authority.csv,False
