panel,baseline,scale,orientation,cells,observed_mean,baseline_mean,paired_difference_mean,paired_difference_median,observed_median,baseline_median,descriptive_only,native_baseline_support,pair_native_support,common_support,size_matched,mean_target_size
state,matched_knn,q25,O1,207,0.3968923845368149,0.34572880779057136,0.05116357674624349,0.05028763990720503,0.39741290721293154,0.34592760514686505,True,,,,,
heldout,matched_knn,q25,O1,207,0.3361263858301881,0.3542894429020297,-0.018163057071841557,-0.015280285179390896,0.33396533984566923,0.3552504819132696,True,,,,,
state,matched_knn,q25,O2,287,0.4229548174778895,0.3441212868845414,0.07883353059334812,0.07786113074224194,0.4243189590233875,0.3377682118064719,True,,,,,
heldout,matched_knn,q25,O2,287,0.35465429423092054,0.35283531118039974,0.0018189830505207388,0.002926542181761582,0.353488839799503,0.34554816788336207,True,,,,,
state,matched_knn,q25,O3,252,0.38992525396394234,0.3237280215239332,0.06619723244000908,0.06428678515937472,0.39317689090524993,0.3242642864283092,True,,,,,
heldout,matched_knn,q25,O3,252,0.32933332693992323,0.3353538258543265,-0.006020498914403253,-0.0023818577166111743,0.32813181270347624,0.33249499994485254,True,,,,,
state,mnn_k5,q25,O1,161,0.38868577001480215,0.3142198582580076,0.07446591175679457,0.0769940054740334,0.3866548856308253,0.30708594384268023,True,,,,,
heldout,mnn_k5,q25,O1,161,0.3317950134426744,0.3348685320229757,-0.0030735185803012362,0.001456120082368506,0.33039214019265434,0.3358190797348318,True,,,,,
state,mnn_k5,q25,O2,211,0.41043170904683224,0.3435564109362565,0.06687529811057569,0.06584085613251578,0.41130663305784965,0.33136565635949844,True,,,,,
heldout,mnn_k5,q25,O2,211,0.3490446639281209,0.36647907770662375,-0.017434413778502803,-0.014613639534889478,0.34685858805580805,0.3634301334748107,True,,,,,
state,mnn_k5,q25,O3,191,0.38166355162114457,0.32547516888043754,0.05618838274070703,0.05597012217352093,0.3817768082454832,0.32195422483839586,True,,,,,
heldout,mnn_k5,q25,O3,191,0.32593948860389993,0.3462291633767543,-0.020289674772854316,-0.019071427011642272,0.32185663558003347,0.3426190583170776,True,,,,,
state,mnn_fixed_size,q25,O1,96,0.40726092823280974,0.36117479362223026,0.04608613461057951,0.04369707594364733,0.41157945301935883,0.3739752974999153,True,,,,,
heldout,mnn_fixed_size,q25,O1,96,0.34594984077357854,0.3778869429596751,-0.03193710218609649,-0.027696383771339206,0.3453310326752834,0.3837458531201632,True,,,,,
state,mnn_fixed_size,q25,O2,39,0.4427578976337068,0.3758798971955165,0.0668780004381904,0.06537854728640646,0.45537276117039294,0.37587023473748093,True,,,,,
heldout,mnn_fixed_size,q25,O2,39,0.37747398241539815,0.3885059456611785,-0.011031963245780357,-0.008050319851598431,0.3781261504713649,0.3890508408843655,True,,,,,
state,mnn_fixed_size,q25,O3,31,0.40615756754584564,0.3464796579294943,0.059677909616351305,0.05986130300000614,0.39941503821083213,0.34657028534977097,True,,,,,
heldout,mnn_fixed_size,q25,O3,31,0.34525560303235353,0.36513850475996373,-0.019882901727610244,-0.016616824208029346,0.3398913395350741,0.36359114385226055,True,,,,,
D,matched_knn,q10,L12,,,,,,,,,104,104,104,True,1.4519230769230769
D,matched_knn,q10,L21,,,,,,,,,130,130,130,True,6.838461538461538
D,matched_knn,q10,L13,,,,,,,,,104,104,104,True,1.2980769230769231
D,matched_knn,q10,L31,,,,,,,,,138,138,138,True,3.449275362318841
D,matched_knn,q10,L23,,,,,,,,,130,130,130,True,4.884615384615385
D,matched_knn,q10,L32,,,,,,,,,138,138,138,True,1.9492753623188406
D,pca32_knn,q10,L12,,,,,,,,,104,104,104,True,1.4519230769230769
D,pca32_knn,q10,L21,,,,,,,,,130,130,130,True,6.838461538461538
D,pca32_knn,q10,L13,,,,,,,,,104,104,104,True,1.2980769230769231
D,pca32_knn,q10,L31,,,,,,,,,138,138,138,True,3.449275362318841
D,pca32_knn,q10,L23,,,,,,,,,130,130,130,True,4.884615384615385
D,pca32_knn,q10,L32,,,,,,,,,138,138,138,True,1.9492753623188406
D,pca64_knn,q10,L12,,,,,,,,,104,104,104,True,1.4519230769230769
D,pca64_knn,q10,L21,,,,,,,,,130,130,130,True,6.838461538461538
D,pca64_knn,q10,L13,,,,,,,,,104,104,104,True,1.2980769230769231
D,pca64_knn,q10,L31,,,,,,,,,138,138,138,True,3.449275362318841
D,pca64_knn,q10,L23,,,,,,,,,130,130,130,True,4.884615384615385
D,pca64_knn,q10,L32,,,,,,,,,138,138,138,True,1.9492753623188406
D,mnn_k5,q10,L12,,,,,,,,,592,104,99,False,2.525252525252525
D,mnn_k5,q10,L21,,,,,,,,,526,130,116,False,3.146551724137931
D,mnn_k5,q10,L13,,,,,,,,,594,104,94,False,3.0106382978723403
D,mnn_k5,q10,L31,,,,,,,,,624,138,120,False,2.9
D,mnn_k5,q10,L23,,,,,,,,,606,130,119,False,3.4285714285714284
D,mnn_k5,q10,L32,,,,,,,,,723,138,124,False,2.7016129032258065
D,mnn_fixed_size,q10,L12,,,,,,,,,592,104,87,True,1.2298850574712643
D,mnn_fixed_size,q10,L21,,,,,,,,,526,130,71,True,1.8028169014084507
D,mnn_fixed_size,q10,L13,,,,,,,,,594,104,88,True,1.2272727272727273
D,mnn_fixed_size,q10,L31,,,,,,,,,624,138,61,True,1.7868852459016393
D,mnn_fixed_size,q10,L23,,,,,,,,,606,130,77,True,1.7922077922077921
D,mnn_fixed_size,q10,L32,,,,,,,,,723,138,100,True,1.55
D,matched_knn,q25,L12,,,,,,,,,258,258,258,True,2.2170542635658914
D,matched_knn,q25,L21,,,,,,,,,325,325,325,True,10.163076923076924
D,matched_knn,q25,L13,,,,,,,,,258,258,258,True,1.5116279069767442
D,matched_knn,q25,L31,,,,,,,,,344,344,344,True,3.933139534883721
D,matched_knn,q25,L23,,,,,,,,,325,325,325,True,6.935384615384615
D,matched_knn,q25,L32,,,,,,,,,344,344,344,True,2.616279069767442
D,pca32_knn,q25,L12,,,,,,,,,258,258,258,True,2.2170542635658914
D,pca32_knn,q25,L21,,,,,,,,,325,325,325,True,10.163076923076924
D,pca32_knn,q25,L13,,,,,,,,,258,258,258,True,1.5116279069767442
D,pca32_knn,q25,L31,,,,,,,,,344,344,344,True,3.933139534883721
D,pca32_knn,q25,L23,,,,,,,,,325,325,325,True,6.935384615384615
D,pca32_knn,q25,L32,,,,,,,,,344,344,344,True,2.616279069767442
D,pca64_knn,q25,L12,,,,,,,,,258,258,258,True,2.2170542635658914
D,pca64_knn,q25,L21,,,,,,,,,325,325,325,True,10.163076923076924
D,pca64_knn,q25,L13,,,,,,,,,258,258,258,True,1.5116279069767442
D,pca64_knn,q25,L31,,,,,,,,,344,344,344,True,3.933139534883721
D,pca64_knn,q25,L23,,,,,,,,,325,325,325,True,6.935384615384615
D,pca64_knn,q25,L32,,,,,,,,,344,344,344,True,2.616279069767442
D,mnn_k5,q25,L12,,,,,,,,,592,258,220,False,2.286363636363636
D,mnn_k5,q25,L21,,,,,,,,,526,325,251,False,2.633466135458167
D,mnn_k5,q25,L13,,,,,,,,,594,258,218,False,2.729357798165138
D,mnn_k5,q25,L31,,,,,,,,,624,344,262,False,2.515267175572519
D,mnn_k5,q25,L23,,,,,,,,,606,325,274,False,2.8394160583941606
D,mnn_k5,q25,L32,,,,,,,,,723,344,286,False,2.3076923076923075
D,mnn_fixed_size,q25,L12,,,,,,,,,592,258,152,True,1.4210526315789473
D,mnn_fixed_size,q25,L21,,,,,,,,,526,325,77,True,1.7402597402597402
D,mnn_fixed_size,q25,L13,,,,,,,,,594,258,194,True,1.3917525773195876
D,mnn_fixed_size,q25,L31,,,,,,,,,624,344,100,True,1.8
D,mnn_fixed_size,q25,L23,,,,,,,,,606,325,118,True,1.8389830508474576
D,mnn_fixed_size,q25,L32,,,,,,,,,723,344,167,True,1.658682634730539
D,matched_knn,q50,L12,,,,,,,,,516,516,516,True,3.1782945736434107
D,matched_knn,q50,L21,,,,,,,,,649,649,649,True,14.379044684129429
D,matched_knn,q50,L13,,,,,,,,,516,516,516,True,1.9689922480620154
D,matched_knn,q50,L31,,,,,,,,,687,687,687,True,5.096069868995633
D,matched_knn,q50,L23,,,,,,,,,649,649,649,True,9.59784283513097
D,matched_knn,q50,L32,,,,,,,,,687,687,687,True,3.455604075691412
D,pca32_knn,q50,L12,,,,,,,,,516,516,516,True,3.1782945736434107
D,pca32_knn,q50,L21,,,,,,,,,649,649,649,True,14.379044684129429
D,pca32_knn,q50,L13,,,,,,,,,516,516,516,True,1.9689922480620154
D,pca32_knn,q50,L31,,,,,,,,,687,687,687,True,5.096069868995633
D,pca32_knn,q50,L23,,,,,,,,,649,649,649,True,9.59784283513097
D,pca32_knn,q50,L32,,,,,,,,,687,687,687,True,3.455604075691412
D,pca64_knn,q50,L12,,,,,,,,,516,516,516,True,3.1782945736434107
D,pca64_knn,q50,L21,,,,,,,,,649,649,649,True,14.379044684129429
D,pca64_knn,q50,L13,,,,,,,,,516,516,516,True,1.9689922480620154
D,pca64_knn,q50,L31,,,,,,,,,687,687,687,True,5.096069868995633
D,pca64_knn,q50,L23,,,,,,,,,649,649,649,True,9.59784283513097
D,pca64_knn,q50,L32,,,,,,,,,687,687,687,True,3.455604075691412
D,mnn_k5,q50,L12,,,,,,,,,592,516,393,False,2.063613231552163
D,mnn_k5,q50,L21,,,,,,,,,526,649,411,False,2.3114355231143553
D,mnn_k5,q50,L13,,,,,,,,,594,516,397,False,2.370277078085642
D,mnn_k5,q50,L31,,,,,,,,,624,687,450,False,2.1755555555555555
D,mnn_k5,q50,L23,,,,,,,,,606,649,456,False,2.43640350877193
D,mnn_k5,q50,L32,,,,,,,,,723,687,498,False,2.0481927710843375
D,mnn_fixed_size,q50,L12,,,,,,,,,592,516,170,True,1.423529411764706
D,mnn_fixed_size,q50,L21,,,,,,,,,526,649,54,True,1.5555555555555556
D,mnn_fixed_size,q50,L13,,,,,,,,,594,516,302,True,1.718543046357616
D,mnn_fixed_size,q50,L31,,,,,,,,,624,687,108,True,1.7592592592592593
D,mnn_fixed_size,q50,L23,,,,,,,,,606,649,82,True,1.9024390243902438
D,mnn_fixed_size,q50,L32,,,,,,,,,723,687,177,True,1.6045197740112995
heldout,mnn_fixed_size,q25,O1,96,0.34594984077357854,0.3778869429596751,-0.03193710218609649,-0.027696383771339206,0.3453310326752834,0.3837458531201632,True,,,,,
heldout,mnn_fixed_size,q25,O2,39,0.37747398241539815,0.3885059456611785,-0.011031963245780357,-0.008050319851598431,0.3781261504713649,0.3890508408843655,True,,,,,
heldout,mnn_fixed_size,q25,O3,31,0.34525560303235353,0.36513850475996373,-0.019882901727610244,-0.016616824208029346,0.3398913395350741,0.36359114385226055,True,,,,,
