panel,level,metric,component,observed,null_mean,null_sd,null95_lo,null95_hi,absolute_effect,relative_effect,Z,conditional_tail,maxT_tail,T_sum,T_min,sum_tail,min_tail,calibrated_T_sum,calibrated_T_min,calibrated_sum_tail,calibrated_min_tail,route,scope,direct,composed,intersection,direct_only,composed_only,exact_equality,overlap,tested,satisfying,failing,fraction,complete,criterion,full_partner_coverage,standardization
heldout,R0,defect,O1,0.2581352373880937,0.38998321190318364,0.0031457733706121024,0.38385950929564155,0.3957472309396051,0.13184797451508995,0.3380862829239486,43.51404652802471,0.000975609756097561,0.000975609756097561,98.40446244348608,22.52131799814591,0.000975609756097561,0.000975609756097561,98.40446244348608,22.52131799814591,0.000975609756097561,0.000975609756097561,,,,,,,,,,,,,,,,,independent_calibration
heldout,R1,defect,O1,0.2581352373880937,0.3786459002331529,0.0032747089420418845,0.37216968767417313,0.3850029988040189,0.12051066284505924,0.3182674439914819,38.74531852635314,0.000975609756097561,0.000975609756097561,87.31277921833254,19.671342796964215,0.000975609756097561,0.000975609756097561,87.31277921833254,19.671342796964215,0.000975609756097561,0.000975609756097561,,,,,,,,,,,,,,,,,independent_calibration
heldout,R2,defect,O1,0.2581352373880937,0.3448518466296069,0.0026192002067960208,0.33975704253981853,0.3498994314809926,0.0867166092415132,0.2514604752418578,32.245859418951,0.000975609756097561,0.000975609756097561,66.17940743624916,11.245589273942873,0.000975609756097561,0.000975609756097561,66.17940743624916,11.245589273942873,0.000975609756097561,0.000975609756097561,,,,,,,,,,,,,,,,,independent_calibration
heldout,R3,defect,O1,0.2581352373880937,0.30497536879683984,0.0022392297918468946,0.30050461440147175,0.30937675651964264,0.046840131408746155,0.15358660469380014,21.417951495420745,0.000975609756097561,0.000975609756097561,41.277280326812246,5.312546719199924,0.000975609756097561,0.000975609756097561,41.277280326812246,5.312546719199924,0.000975609756097561,0.000975609756097561,,,,,,,,,,,,,,,,,independent_calibration
heldout,R0,defect,O2,0.19419104175363566,0.23271749502386171,0.0017472810470772467,0.2290855479424677,0.23596104757837577,0.03852645327022605,0.1655503092549004,22.52131799814591,0.000975609756097561,0.000975609756097561,98.40446244348608,22.52131799814591,0.000975609756097561,0.000975609756097561,98.40446244348608,22.52131799814591,0.000975609756097561,0.000975609756097561,,,,,,,,,,,,,,,,,independent_calibration
heldout,R1,defect,O2,0.19419104175363566,0.22566414649385383,0.001597329860395942,0.22262028831481787,0.2287483067137664,0.031473104740218166,0.13946878681977673,19.671342796964215,0.000975609756097561,0.000975609756097561,87.31277921833254,19.671342796964215,0.000975609756097561,0.000975609756097561,87.31277921833254,19.671342796964215,0.000975609756097561,0.000975609756097561,,,,,,,,,,,,,,,,,independent_calibration
heldout,R2,defect,O2,0.19419104175363566,0.20892581915498915,0.001375805031992864,0.20648067713080615,0.2118135537771014,0.014734777401353483,0.07052635936022184,11.245589273942873,0.000975609756097561,0.000975609756097561,66.17940743624916,11.245589273942873,0.000975609756097561,0.000975609756097561,66.17940743624916,11.245589273942873,0.000975609756097561,0.000975609756097561,,,,,,,,,,,,,,,,,independent_calibration
heldout,R3,defect,O2,0.19419104175363566,0.20075056321662646,0.0012098614485159026,0.19845711684859094,0.20304318253030218,0.006559521462990797,0.032674984109073366,5.312546719199924,0.000975609756097561,0.000975609756097561,41.277280326812246,5.312546719199924,0.000975609756097561,0.000975609756097561,41.277280326812246,5.312546719199924,0.000975609756097561,0.000975609756097561,,,,,,,,,,,,,,,,,independent_calibration
heldout,R0,defect,O3,0.23147256170434924,0.3061625721227275,0.0023020333588419342,0.30164997566884577,0.3104019826754156,0.07469001041837828,0.24395539239341849,32.36909791731547,0.000975609756097561,0.000975609756097561,98.40446244348608,22.52131799814591,0.000975609756097561,0.000975609756097561,98.40446244348608,22.52131799814591,0.000975609756097561,0.000975609756097561,,,,,,,,,,,,,,,,,independent_calibration
heldout,R1,defect,O3,0.23147256170434924,0.2984773933497709,0.002342420498358545,0.2937506237977079,0.3031333643768714,0.06700483164542168,0.22448879928035964,28.896117895015188,0.000975609756097561,0.000975609756097561,87.31277921833254,19.671342796964215,0.000975609756097561,0.000975609756097561,87.31277921833254,19.671342796964215,0.000975609756097561,0.000975609756097561,,,,,,,,,,,,,,,,,independent_calibration
heldout,R2,defect,O3,0.23147256170434924,0.2720813938187369,0.0018779613535127835,0.26846502781644865,0.2758688373889751,0.04060883211438768,0.149252514273143,22.687958743355303,0.000975609756097561,0.000975609756097561,66.17940743624916,11.245589273942873,0.000975609756097561,0.000975609756097561,66.17940743624916,11.245589273942873,0.000975609756097561,0.000975609756097561,,,,,,,,,,,,,,,,,independent_calibration
heldout,R3,defect,O3,0.23147256170434924,0.2537509513533154,0.0015722533603391479,0.25064324378722475,0.2568966364517977,0.02227838964896614,0.08779628029037954,14.54678211219158,0.000975609756097561,0.000975609756097561,41.277280326812246,5.312546719199924,0.000975609756097561,0.000975609756097561,41.277280326812246,5.312546719199924,0.000975609756097561,0.000975609756097561,,,,,,,,,,,,,,,,,independent_calibration
heldout,R0,source_error,O1,0.3361263858301881,0.3957567960742692,0.0018362522053821787,0.39229352844074966,0.39947060341570756,0.05963041024408111,0.15067438092178875,33.70277913085439,0.000975609756097561,0.000975609756097561,84.84442294316523,22.95419007957986,0.000975609756097561,0.000975609756097561,84.84442294316523,22.95419007957986,0.000975609756097561,0.000975609756097561,,,,,,,,,,,,,,,,,independent_calibration
heldout,R1,source_error,O1,0.3361263858301881,0.3853311255149547,0.001844691869885452,0.3816601098645324,0.3889416761349979,0.049204739684766574,0.1276946927632944,25.47348863502155,0.000975609756097561,0.000975609756097561,66.1856887797086,18.14555740004127,0.000975609756097561,0.000975609756097561,66.1856887797086,18.14555740004127,0.000975609756097561,0.000975609756097561,,,,,,,,,,,,,,,,,independent_calibration
heldout,R2,source_error,O1,0.3361263858301881,0.3685853625457548,0.0015575902407591194,0.3655670641389124,0.3715201862588568,0.03245897671556669,0.08806366181059985,20.313156773237278,0.000975609756097561,0.000975609756097561,51.65663308924613,14.238777919536368,0.000975609756097561,0.000975609756097561,51.65663308924613,14.238777919536368,0.000975609756097561,0.000975609756097561,,,,,,,,,,,,,,,,,independent_calibration
heldout,R3,source_error,O1,0.3361263858301881,0.355019058632798,0.0011537459825646077,0.35283517822876675,0.35725194098807417,0.018892672802609867,0.05321593966072359,15.659601355233312,0.000975609756097561,0.000975609756097561,40.81447264147979,12.553696575039615,0.000975609756097561,0.000975609756097561,40.81447264147979,12.553696575039615,0.000975609756097561,0.000975609756097561,,,,,,,,,,,,,,,,,independent_calibration
heldout,R0,source_error,O2,0.35465429423092054,0.3765119080144333,0.0010022074240425471,0.37461392164504964,0.37857325072139764,0.021857613783512753,0.058052914976263796,22.95419007957986,0.000975609756097561,0.000975609756097561,84.84442294316523,22.95419007957986,0.000975609756097561,0.000975609756097561,84.84442294316523,22.95419007957986,0.000975609756097561,0.000975609756097561,,,,,,,,,,,,,,,,,independent_calibration
heldout,R1,source_error,O2,0.35465429423092054,0.3714317459447904,0.0009628778501828535,0.3696818251340112,0.3733939556780221,0.01677745171386985,0.04516967625153842,18.14555740004127,0.000975609756097561,0.000975609756097561,66.1856887797086,18.14555740004127,0.000975609756097561,0.000975609756097561,66.1856887797086,18.14555740004127,0.000975609756097561,0.000975609756097561,,,,,,,,,,,,,,,,,independent_calibration
heldout,R2,source_error,O2,0.35465429423092054,0.36580263722267253,0.0007873601660841851,0.36428013991454194,0.3673238553699034,0.011148342991751992,0.030476387694727682,14.238777919536368,0.000975609756097561,0.000975609756097561,51.65663308924613,14.238777919536368,0.000975609756097561,0.000975609756097561,51.65663308924613,14.238777919536368,0.000975609756097561,0.000975609756097561,,,,,,,,,,,,,,,,,independent_calibration
heldout,R3,source_error,O2,0.35465429423092054,0.3634602946692974,0.0006797006676159022,0.36208683108358597,0.3647787688363202,0.00880600043837687,0.024228232265065458,12.601174711206859,0.000975609756097561,0.000975609756097561,40.81447264147979,12.553696575039615,0.000975609756097561,0.000975609756097561,40.81447264147979,12.553696575039615,0.000975609756097561,0.000975609756097561,,,,,,,,,,,,,,,,,independent_calibration
heldout,R0,source_error,O3,0.32933332693992323,0.36893104967630336,0.0013628033338392589,0.3664231085647795,0.37170716542875376,0.039597722736380125,0.10733095729167495,28.18745373273098,0.000975609756097561,0.000975609756097561,84.84442294316523,22.95419007957986,0.000975609756097561,0.000975609756097561,84.84442294316523,22.95419007957986,0.000975609756097561,0.000975609756097561,,,,,,,,,,,,,,,,,independent_calibration
heldout,R1,source_error,O3,0.32933332693992323,0.35950536847782905,0.001320346046966217,0.3569530347208165,0.3621539660407784,0.030172041537905814,0.08392653958313989,22.56664274464578,0.000975609756097561,0.000975609756097561,66.1856887797086,18.14555740004127,0.000975609756097561,0.000975609756097561,66.1856887797086,18.14555740004127,0.000975609756097561,0.000975609756097561,,,,,,,,,,,,,,,,,independent_calibration
heldout,R2,source_error,O3,0.32933332693992323,0.3474965293144245,0.0010976376351837071,0.34529413022964717,0.34958330603703747,0.018163202374501253,0.05226873031030098,17.10469839647249,0.000975609756097561,0.000975609756097561,51.65663308924613,14.238777919536368,0.000975609756097561,0.000975609756097561,51.65663308924613,14.238777919536368,0.000975609756097561,0.000975609756097561,,,,,,,,,,,,,,,,,independent_calibration
heldout,R3,source_error,O3,0.32933332693992323,0.340330841289543,0.0008880668098580587,0.33869305298050406,0.3421100006220567,0.010997514349619764,0.03231418671299148,12.553696575039615,0.000975609756097561,0.000975609756097561,40.81447264147979,12.553696575039615,0.000975609756097561,0.000975609756097561,40.81447264147979,12.553696575039615,0.000975609756097561,0.000975609756097561,,,,,,,,,,,,,,,,,independent_calibration
C,,,,,,,,,,,,,,,,,,,,,,1->2->3,O1 q25; intermediate second-domain restriction,329,4161,250,79,3911,False,,,,,,,,,
C,,,,,,,,,,,,,,,,,,,,,,1->3->2,O1 q25; intermediate second-domain restriction,517,1677,371,146,1306,False,,,,,,,,,
C,,,,,,,,,,,,,,,,,,,,,,2->1->3,O2 q25; intermediate second-domain restriction,2105,862,321,1784,541,False,,,,,,,,,
D,,,,,,,,,,,,,,,,,,,,,,,,,,,,,,O1,207,165,42,0.7971014492753623,False,at least one bridge pair; NOT universal partner coverage,97,
D,,,,,,,,,,,,,,,,,,,,,,,,,,,,,,O2,287,168,119,0.5853658536585366,False,at least one bridge pair; NOT universal partner coverage,1,
D,,,,,,,,,,,,,,,,,,,,,,,,,,,,,,O3,252,186,66,0.7380952380952381,False,at least one bridge pair; NOT universal partner coverage,1,
