panel,component,observed,null_mean,null_sd,null95_lo,null95_hi,absolute_effect,relative_effect,Z,conditional_tail,maxT_tail,T_sum,T_min,sum_tail,min_tail,maxT_standardization,primitive_raw_tail_unchanged,plot_panel,metric,owner,bank,family,scale,offset,direction,role,independent_bank_available,standardization,O1_maxT_tail
A,P12,0.3526989701360601,0.4240734305749247,0.005980885723475465,0.4130313611966051,0.4360536225301294,0.07137446043886458,0.1683068433268758,12.094231092170547,0.000975609756097561,0.000975609756097561,29.18552719627647,6.863016875900799,0.000975609756097561,0.000975609756097561,independent_calibration,True,A,,,,,,,,,,,
A,P13,0.3280821501092437,0.3967823041785057,0.010231858372155353,0.37741101984633474,0.41567210447089614,0.068700154069262,0.17314319047442941,6.863016875900799,0.000975609756097561,0.000975609756097561,29.18552719627647,6.863016875900799,0.000975609756097561,0.000975609756097561,independent_calibration,True,A,,,,,,,,,,,
A,P23,0.3596252344160331,0.42917496965026675,0.006860748655109709,0.4156627465235542,0.44259196916737437,0.06954973523423363,0.16205450026805962,10.228279228205125,0.000975609756097561,0.000975609756097561,29.18552719627647,6.863016875900799,0.000975609756097561,0.000975609756097561,independent_calibration,True,A,,,,,,,,,,,
heldout,O1,0.2581352373880937,0.34484963541261643,0.0027721978597057837,0.33945607800238636,0.3507350820567754,0.08671439802452274,0.25145567551715114,32.40762302454342,0.000975609756097561,0.000975609756097561,65.82813538644434,10.596659710160957,0.000975609756097561,0.000975609756097561,independent_calibration,True,B,defect,,,,,,,,,,
heldout,O2,0.19419104175363566,0.20888112377788948,0.001384915248562682,0.20615715326848694,0.2115649028892991,0.014690082024253814,0.07032747506602983,10.596659710160957,0.000975609756097561,0.000975609756097561,65.82813538644434,10.596659710160957,0.000975609756097561,0.000975609756097561,independent_calibration,True,B,defect,,,,,,,,,,
heldout,O3,0.23147256170434924,0.2719422352330376,0.0019086739062427064,0.26836329087918553,0.27565418262703134,0.04046967352868838,0.1488171688153125,22.823852651739973,0.000975609756097561,0.000975609756097561,65.82813538644434,10.596659710160957,0.000975609756097561,0.000975609756097561,independent_calibration,True,B,defect,,,,,,,,,,
heldout,O1,0.3361263858301881,0.34294830315046654,0.003993485170304999,0.3354309740144607,0.35092303467239233,0.006821917320278426,0.01989196989053289,1.6771850200494942,0.037073170731707315,0.12292682926829268,11.70928775268555,1.6771850200494942,0.000975609756097561,0.000975609756097561,independent_calibration,True,C,source_error,,,,,,,,,,
heldout,O2,0.35465429423092054,0.366812679688664,0.0021153162312235827,0.3625315300368322,0.37099888746451726,0.012158385457743448,0.03314603374142628,5.929603152302454,0.000975609756097561,0.000975609756097561,11.70928775268555,1.6771850200494942,0.000975609756097561,0.000975609756097561,independent_calibration,True,C,source_error,,,,,,,,,,
heldout,O3,0.32933332693992323,0.34245061000259114,0.0032234732117017283,0.3364485199594469,0.3488012194271724,0.013117283062667906,0.03830416030670424,4.102499580333601,0.000975609756097561,0.000975609756097561,11.70928775268555,1.6771850200494942,0.000975609756097561,0.000975609756097561,independent_calibration,True,C,source_error,,,,,,,,,,
heldout,,,,,,,,,,,,11.70928775268555,1.6771850200494942,0.000975609756097561,0.000975609756097561,,,,source_error,rmmo_paper3_referee05,source_fidelity/q25,source_fidelity/q25,q25,9,-1,publication_primary,True,independent_calibration,0.12292682926829268
