panel,metric,component,observed,null_mean,null_sd,null95_lo,null95_hi,absolute_effect,relative_effect,Z,conditional_tail,maxT_tail,NOT_INFERENTIAL
state,defect,O1,0.3234300847728346,0.5105177243749301,0.004405086385207294,0.5024209126761983,0.5191850658726965,0.18708763960209557,0.36646649209126425,42.470725551057754,0.000975609756097561,0.000975609756097561,True
state,defect,O2,0.23925545247174965,0.31725679285693764,0.002338790847577846,0.312580784271837,0.3216414098146344,0.078001340385188,0.2458618448568935,33.35099714281755,0.000975609756097561,0.000975609756097561,True
state,defect,O3,0.28312542496476145,0.4076055881612383,0.003169758162483094,0.4018380666972644,0.41394058574354864,0.12448016319647687,0.3053936619417389,39.271062366581134,0.000975609756097561,0.000975609756097561,True
state,source_error,O1,0.3968923845368149,0.49251714845092154,0.0027094333538662716,0.48704103208716887,0.4981604121823468,0.09562476391410663,0.19415519685937485,35.293140112212996,0.000975609756097561,0.000975609756097561,True
state,source_error,O2,0.4229548174778895,0.46739954180115423,0.001354751626395882,0.46467867683453434,0.4699273977043939,0.04444472432326474,0.09508936220175598,32.80630588976936,0.000975609756097561,0.000975609756097561,True
state,source_error,O3,0.38992525396394234,0.4496591500358171,0.0017821185118668914,0.44624478447571697,0.4531923488182949,0.05973389607187474,0.13284261215882454,33.5182876398177,0.000975609756097561,0.000975609756097561,True
heldout,defect,O1,0.2581352373880937,0.37856643091356934,0.0031082672862884787,0.37259744355909236,0.3850583840552459,0.12043119352547565,0.31812433351485236,38.74531852635314,0.000975609756097561,0.000975609756097561,True
heldout,defect,O2,0.19419104175363566,0.22559881656840158,0.0015966158703809958,0.22247732774452683,0.2285926758316658,0.03140777481476592,0.13921959029977038,19.671342796964215,0.000975609756097561,0.000975609756097561,True
heldout,defect,O3,0.23147256170434924,0.29861189858339965,0.00232346255513629,0.29413220558286374,0.3030465862085337,0.06713933687905041,0.22483811662414044,28.896117895015188,0.000975609756097561,0.000975609756097561,True
heldout,source_error,O1,0.3361263858301881,0.3853231180264419,0.0019312815047143165,0.38142671074028817,0.38901275343618924,0.04919673219625381,0.12767656518568346,25.47348863502155,0.000975609756097561,0.000975609756097561,True
heldout,source_error,O2,0.35465429423092054,0.37148504747176847,0.000927531263670944,0.36963046081540135,0.37325433723935536,0.01683075324084793,0.0453066774972336,18.14555740004127,0.000975609756097561,0.000975609756097561,True
heldout,source_error,O3,0.32933332693992323,0.3594860193147659,0.0013361520829485946,0.35683769537143756,0.36210062879462546,0.030152692374842693,0.08387723236725098,22.56664274464578,0.000975609756097561,0.000975609756097561,True
