baseline,scale,panel,orientation,cells,observed_mean,baseline_mean,paired_difference_mean,paired_difference_median,observed_median,baseline_median,descriptive_only
pca64_knn,q10,state,L12,104,0.39605960518774985,0.4619470427734662,-0.06588743758571634,-0.06982719782207716,0.39942802247541787,0.47075659905786993,True
pca64_knn,q10,heldout,L12,104,0.3389299733405175,0.3734358277389284,-0.0345058543984109,-0.023686080799165538,0.34039034948689434,0.37669366369699736,True
pca64_knn,q10,state,L21,130,0.41449463429615124,0.421970801250976,-0.00747616695482481,-0.0025661902644337764,0.41521140374200977,0.4171918472689677,True
pca64_knn,q10,heldout,L21,130,0.35559157716798856,0.35450014508126104,0.0010914320867275416,0.0017286165465930092,0.3599747178885774,0.3447757135175854,True
pca64_knn,q10,state,L13,104,0.3958455803285791,0.44356722309719754,-0.04772164276861857,-0.04417381333597445,0.3978044784192238,0.4436495745703082,True
pca64_knn,q10,heldout,L13,104,0.33761874894846144,0.3542924582730148,-0.016673709324553372,-0.009750988005933076,0.3373670166141028,0.3525143504765595,True
pca64_knn,q10,state,L31,138,0.38965527905994357,0.3990217907781035,-0.009366511718159993,-0.0034871049046676372,0.38545573732090893,0.3853013474080952,True
pca64_knn,q10,heldout,L31,138,0.3237482655596441,0.3243161603920064,-0.0005678948323623195,0.002634403723145079,0.3176558081898902,0.31553976831725933,True
pca64_knn,q10,state,L23,130,0.415960053378876,0.4311548650090893,-0.015194811630213316,-0.005205788083201629,0.41429485712772196,0.4168902045525464,True
pca64_knn,q10,heldout,L23,130,0.36289235494468386,0.35779088394324216,0.005101471001441749,0.003349442948272968,0.36323408150153,0.3509937021808003,True
pca64_knn,q10,state,L32,138,0.40338319730736794,0.45148141200027575,-0.04809821469290777,-0.037446238458859804,0.4091400019869514,0.45167887222776826,True
pca64_knn,q10,heldout,L32,138,0.35388515542500193,0.36845689010470645,-0.014571734679704525,-0.012921533172951444,0.3533599167369627,0.3650443112577797,True
pca64_knn,q10,state,O1,70,0.3923703870812216,0.4490807764571703,-0.05671038937594873,-0.05132618874775602,0.4005867303085703,0.45491640647359494,True
pca64_knn,q10,heldout,O1,70,0.33346268609388,0.3608011184444736,-0.0273384323505937,-0.029549788800518978,0.3303136694053346,0.36210844907550854,True
pca64_knn,q10,state,O2,104,0.408052852224778,0.4156876000257739,-0.007634747800995924,-0.006744829182104728,0.4053743164579596,0.41875002349697066,True
pca64_knn,q10,heldout,O2,104,0.35382985257091093,0.3496367075040817,0.004193145066829183,0.005220551144277302,0.355715953320807,0.3435131795368999,True
pca64_knn,q10,state,O3,84,0.38111660065227265,0.40203766953109976,-0.020921068878827023,-0.016774375966772503,0.38671101226660887,0.39957400345016436,True
pca64_knn,q10,heldout,O3,84,0.3272359340323338,0.3314437857871313,-0.00420785175479753,-0.0031508053921391332,0.32480828405197437,0.3265510627247,True
pca64_knn,q25,state,L12,258,0.40434929522159635,0.4488393336841534,-0.04449003846255703,-0.038976944795794444,0.40580769067127964,0.4547679226192973,True
pca64_knn,q25,heldout,L12,258,0.34080296160710877,0.36506801491219343,-0.02426505330508463,-0.014362704435086637,0.3394091571637081,0.3643878516562441,True
pca64_knn,q25,state,L21,325,0.4294480498701826,0.428827585599851,0.0006204642703315439,0.0055600883765549725,0.4277884085918142,0.41690210751763623,True
pca64_knn,q25,heldout,L21,325,0.35540749057218396,0.3527108830967141,0.002696607475469789,0.006843752311203488,0.35265042709713706,0.3422117365267293,True
pca64_knn,q25,state,L13,258,0.403695163606452,0.43994875850056225,-0.03625359489411035,-0.03251786946514015,0.4083275987218723,0.436318976939276,True
pca64_knn,q25,heldout,L13,258,0.34114759398256495,0.3592113886405965,-0.018063794658031557,-0.01314831732683347,0.3388383488271435,0.3636671478456868,True
pca64_knn,q25,state,L31,344,0.3994593102480061,0.40681273488519903,-0.007353424637192903,-0.003254057391902654,0.392602789805628,0.38993095716314075,True
pca64_knn,q25,heldout,L31,344,0.3277158248298279,0.3265116425454695,0.0012041822843584468,0.00411872929301213,0.3243467136264269,0.3180792869723307,True
pca64_knn,q25,state,L23,325,0.43076154556922464,0.43342844994823193,-0.002666904379007303,0.0,0.4298693238259199,0.4234046885178814,True
pca64_knn,q25,heldout,L23,325,0.36294836967440164,0.35246929006395045,0.010479079610451168,0.009555045843063936,0.3598606187349565,0.3477322619485748,True
pca64_knn,q25,state,L32,344,0.4113497340633575,0.4514651058745216,-0.04011537181116409,-0.033858745539036006,0.41495253260042586,0.4465227340210471,True
pca64_knn,q25,heldout,L32,344,0.35150690732510237,0.3621406586576287,-0.010633751332526326,-0.004330722454118308,0.3470734954867319,0.35758132913724483,True
pca64_knn,q25,state,O1,207,0.3968923845368149,0.4337848489198751,-0.036892464383060306,-0.03183565655814902,0.39741290721293154,0.429962968466182,True
pca64_knn,q25,heldout,O1,207,0.3361263858301881,0.3530210428693709,-0.01689465703918276,-0.012675420429835549,0.33396533984566923,0.3536268083665403,True
pca64_knn,q25,state,O2,287,0.4229548174778895,0.42125822001854085,0.0016965974593486596,0.002388133639424639,0.4243189590233875,0.41747810098917315,True
pca64_knn,q25,heldout,O2,287,0.35465429423092054,0.3457739737984303,0.008880320432490273,0.00983191367634717,0.353488839799503,0.33813296474023236,True
pca64_knn,q25,state,O3,252,0.38992525396394234,0.4092193470094765,-0.019294093045534234,-0.016202661706937738,0.39317689090524993,0.40457873831777624,True
pca64_knn,q25,heldout,O3,252,0.32933332693992323,0.3292864212738304,4.6905666092827256e-05,0.0037189311994237084,0.32813181270347624,0.32460069788857365,True
pca64_knn,q50,state,L12,516,0.4118058471393361,0.4418056136018102,-0.02999976646247407,-0.023437438139439187,0.4108055749592987,0.4363204410000059,True
pca64_knn,q50,heldout,L12,516,0.3404233380138082,0.35501634731783527,-0.014593009304027115,-0.004343735687271755,0.3377798117144716,0.3442093974160319,True
pca64_knn,q50,state,L21,649,0.4445915318876008,0.43660043152473066,0.00799110036287009,0.008563648970212612,0.4386333989586737,0.4264024953776222,True
pca64_knn,q50,heldout,L21,649,0.35972580305218377,0.3504350189989285,0.009290784053255246,0.010532767941911436,0.35519899343195777,0.34158009028924785,True
pca64_knn,q50,state,L13,516,0.41254195115621967,0.4371040646614701,-0.024562113505250418,-0.02366127341905186,0.41523154113272676,0.43205601735976035,True
pca64_knn,q50,heldout,L13,516,0.3389468020826793,0.35080433005035616,-0.01185752796767687,-0.007716716251285227,0.33714011364119106,0.34725332452233165,True
pca64_knn,q50,state,L31,687,0.408018983091801,0.4090248382309571,-0.0010058551391560894,0.002071823310398624,0.4010696142110741,0.39310577335275376,True
pca64_knn,q50,heldout,L31,687,0.3286179316722603,0.3243877335787907,0.0042301980934696054,0.007220557992909937,0.32202992852775886,0.31690520242064407,True
pca64_knn,q50,state,L23,649,0.4451647468614345,0.4376389151322229,0.007525831729211606,0.010180420051366657,0.43794826599042985,0.4255972693046395,True
pca64_knn,q50,heldout,L23,649,0.36478401896770685,0.35112208065192235,0.013661938315784501,0.015201594444741673,0.3603107411047852,0.3430158358902903,True
pca64_knn,q50,state,L32,687,0.419523928996642,0.4493698476481881,-0.02984591865154613,-0.023849687209980763,0.41981678555995194,0.43836436907823945,True
pca64_knn,q50,heldout,L32,687,0.35076214316160503,0.3583964248074835,-0.007634281645878506,-0.0006866237361028982,0.34508103165838705,0.35302647502140516,True
pca64_knn,q50,state,O1,457,0.40509219816064024,0.43055106250053604,-0.025458864339895804,-0.021832412148688196,0.4054387435422523,0.43092935139475164,True
pca64_knn,q50,heldout,O1,457,0.335523441682621,0.3470782907128857,-0.011554849030264646,-0.006250647435097845,0.33251012177051864,0.34665695087010967,True
pca64_knn,q50,state,O2,595,0.4384841179700607,0.4285447779446899,0.009939340025370808,0.010790633987938003,0.43405050459966915,0.4203195654873974,True
pca64_knn,q50,heldout,O2,595,0.35820753327987714,0.3451023200733911,0.013105213206486084,0.012547778906301654,0.3563959989529013,0.338729176630282,True
pca64_knn,q50,state,O3,570,0.40265895409583613,0.4149654932616941,-0.012306539165857925,-0.010280118269860694,0.40220959232241804,0.41173676678851306,True
pca64_knn,q50,heldout,O3,570,0.3330845253940839,0.3316273144301743,0.001457210963909612,0.003622805346456176,0.33009672719428207,0.33027955790653596,True
