stateK,targetK,historyLevel,P0,A0,Ph,retainedSupport,Ah,ambiguityReduction,historicalExactReplay,bankConditionalP,commonConditionalP,simultaneousMaxP,conditionalDiagnosticNotPopulationInference
8,8,L0,635715,0.43145434668050936,635715,1.0,0.43145434668050936,0.0,True,1,1,1,True
8,8,L1,635715,0.43145434668050936,51640,0.08123136940295572,0.42804027885360185,0.0034140678269075075,True,0.6976744186046512,0.5658914728682171,1.0,True
8,8,L2,635715,0.43145434668050936,4243,0.006674374523174693,0.4129153900542069,0.01853895662630245,True,0.18604651162790697,0.13178294573643412,1.0,True
8,8,L3,635715,0.43145434668050936,1232,0.0019379753505894936,0.4163961038961039,0.015058242784405484,True,0.5193798449612403,0.4883720930232558,1.0,True
8,8,L4,635715,0.43145434668050936,983,0.0015462903974265197,0.422177009155646,0.009277337524863372,True,0.6821705426356589,0.4806201550387597,1.0,True
8,16,L0,635715,0.6413628748731743,635715,1.0,0.6413628748731743,0.0,True,1,1,1,True
8,16,L1,635715,0.6413628748731743,51640,0.08123136940295572,0.6348760650658405,0.006486809807333849,True,0.2713178294573643,0.3178294573643411,1.0,True
8,16,L2,635715,0.6413628748731743,4243,0.006674374523174693,0.6097101107706812,0.03165276410249318,True,0.03875968992248062,0.12403100775193798,1.0,True
8,16,L3,635715,0.6413628748731743,1232,0.0019379753505894936,0.5925324675324676,0.04883040734070676,True,0.046511627906976744,0.27906976744186046,1.0,True
8,16,L4,635715,0.6413628748731743,983,0.0015462903974265197,0.6002034587995931,0.0411594160735812,True,0.12403100775193798,0.16279069767441862,1.0,True
8,32,L0,635715,0.7633656591397089,635715,1.0,0.7633656591397089,0.0,True,1,1,1,True
8,32,L1,635715,0.7633656591397089,51640,0.08123136940295572,0.7571456235476375,0.0062200355920714046,True,0.4573643410852713,0.4108527131782946,1.0,True
8,32,L2,635715,0.7633656591397089,4243,0.006674374523174693,0.7289653547018619,0.03440030443784703,True,0.007751937984496124,0.015503875968992248,1.0,True
8,32,L3,635715,0.7633656591397089,1232,0.0019379753505894936,0.7102272727272727,0.05313838641243618,True,0.007751937984496124,0.06201550387596899,1.0,True
8,32,L4,635715,0.7633656591397089,983,0.0015462903974265197,0.7121057985757884,0.05125986056392051,True,0.007751937984496124,0.05426356589147287,1.0,True
8,64,L0,635715,0.8765280039011192,635715,1.0,0.8765280039011192,0.0,True,1,1,1,True
8,64,L1,635715,0.8765280039011192,51640,0.08123136940295572,0.8730054221533695,0.0035225817477496646,True,0.6124031007751938,0.7674418604651163,1.0,True
8,64,L2,635715,0.8765280039011192,4243,0.006674374523174693,0.8597690313457459,0.016758972555373286,True,0.031007751937984496,0.34108527131782945,1.0,True
8,64,L3,635715,0.8765280039011192,1232,0.0019379753505894936,0.8392857142857143,0.03724228961540488,True,0.015503875968992248,0.12403100775193798,1.0,True
8,64,L4,635715,0.8765280039011192,983,0.0015462903974265197,0.8392675483214649,0.037260455579654295,True,0.015503875968992248,0.20930232558139536,1.0,True
8,128,L0,635715,0.9189369450146685,635715,1.0,0.9189369450146685,0.0,True,1,1,1,True
8,128,L1,635715,0.9189369450146685,51640,0.08123136940295572,0.9125290472501937,0.0064078977644748125,True,0.031007751937984496,0.3488372093023256,1.0,True
8,128,L2,635715,0.9189369450146685,4243,0.006674374523174693,0.9038416214942258,0.015095323520442738,True,0.023255813953488372,0.46511627906976744,1.0,True
8,128,L3,635715,0.9189369450146685,1232,0.0019379753505894936,0.8839285714285714,0.0350083735860971,True,0.007751937984496124,0.13953488372093023,1.0,True
8,128,L4,635715,0.9189369450146685,983,0.0015462903974265197,0.8779247202441506,0.04101222477051791,True,0.007751937984496124,0.08527131782945736,1.0,True
16,8,L0,354821,0.4141524881559998,354821,1.0,0.4141524881559998,0.0,True,1,1,1,True
16,8,L1,354821,0.4141524881559998,29305,0.08259094022056192,0.40201330830916226,0.012139179846837544,True,0.24806201550387597,0.4728682170542636,1.0,True
16,8,L2,354821,0.4141524881559998,2441,0.006879525169028891,0.3875460876689881,0.026606400487011683,True,0.10852713178294573,0.07751937984496124,1.0,True
16,8,L3,354821,0.4141524881559998,715,0.0020151005718376308,0.3706293706293706,0.043523117526629185,True,0.2558139534883721,0.35658914728682173,1.0,True
16,8,L4,354821,0.4141524881559998,573,0.0016148987799481992,0.3699825479930192,0.04416994016298059,True,0.20155038759689922,0.37209302325581395,1.0,True
16,16,L0,354821,0.6064748140611745,354821,1.0,0.6064748140611745,0.0,True,1,1,1,True
16,16,L1,354821,0.6064748140611745,29305,0.08259094022056192,0.59099129841324,0.015483515647934487,True,0.07751937984496124,0.14728682170542637,1.0,True
16,16,L2,354821,0.6064748140611745,2441,0.006879525169028891,0.5616550594018844,0.04481975465929011,True,0.03875968992248062,0.17054263565891473,1.0,True
16,16,L3,354821,0.6064748140611745,715,0.0020151005718376308,0.5160839160839161,0.09039089797725841,True,0.015503875968992248,0.23255813953488372,0.9302325581395349,True
16,16,L4,354821,0.6064748140611745,573,0.0016148987799481992,0.5235602094240838,0.08291460463709077,True,0.046511627906976744,0.16279069767441862,0.9612403100775194,True
16,32,L0,354821,0.7151296005591552,354821,1.0,0.7151296005591552,0.0,True,1,1,1,True
16,32,L1,354821,0.7151296005591552,29305,0.08259094022056192,0.6926463060911108,0.022483294468044424,True,0.015503875968992248,0.27906976744186046,1.0,True
16,32,L2,354821,0.7151296005591552,2441,0.006879525169028891,0.6554690700532568,0.05966053050589837,True,0.007751937984496124,0.023255813953488372,1.0,True
16,32,L3,354821,0.7151296005591552,715,0.0020151005718376308,0.6125874125874126,0.10254218797174264,True,0.007751937984496124,0.06201550387596899,0.7131782945736435,True
16,32,L4,354821,0.7151296005591552,573,0.0016148987799481992,0.6143106457242583,0.10081895483489689,True,0.007751937984496124,0.09302325581395349,0.7674418604651163,True
16,64,L0,354821,0.8519929767403845,354821,1.0,0.8519929767403845,0.0,True,1,1,1,True
16,64,L1,354821,0.8519929767403845,29305,0.08259094022056192,0.8420406074048797,0.009952369335504807,True,0.13178294573643412,0.4806201550387597,1.0,True
16,64,L2,354821,0.8519929767403845,2441,0.006879525169028891,0.8283490372798034,0.023643939460581187,True,0.08527131782945736,0.24031007751937986,1.0,True
16,64,L3,354821,0.8519929767403845,715,0.0020151005718376308,0.7958041958041958,0.05618878093618873,True,0.007751937984496124,0.10077519379844961,1.0,True
16,64,L4,354821,0.8519929767403845,573,0.0016148987799481992,0.7993019197207679,0.05269105701961663,True,0.015503875968992248,0.27906976744186046,1.0,True
16,128,L0,354821,0.8977315322373817,354821,1.0,0.8977315322373817,0.0,True,1,1,1,True
16,128,L1,354821,0.8977315322373817,29305,0.08259094022056192,0.8860945231189217,0.011637009118459996,True,0.023255813953488372,0.18604651162790697,1.0,True
16,128,L2,354821,0.8977315322373817,2441,0.006879525169028891,0.8742318721835314,0.02349966005385029,True,0.031007751937984496,0.26356589147286824,1.0,True
16,128,L3,354821,0.8977315322373817,715,0.0020151005718376308,0.8545454545454545,0.04318607769192717,True,0.023255813953488372,0.13953488372093023,1.0,True
16,128,L4,354821,0.8977315322373817,573,0.0016148987799481992,0.8516579406631762,0.04607359157420543,True,0.023255813953488372,0.12403100775193798,1.0,True
32,8,L0,192993,0.3884078697154819,192993,1.0,0.3884078697154819,0.0,True,1,1,1,True
32,8,L1,192993,0.3884078697154819,16460,0.08528806744286062,0.3846294046172539,0.00377846509822799,True,0.5736434108527132,0.43410852713178294,1.0,True
32,8,L2,192993,0.3884078697154819,1390,0.007202333763400745,0.3575539568345324,0.03085391288094952,True,0.2248062015503876,0.06976744186046512,1.0,True
32,8,L3,192993,0.3884078697154819,432,0.0022384231552439724,0.3402777777777778,0.04813009193770412,True,0.3798449612403101,0.37209302325581395,1.0,True
32,8,L4,192993,0.3884078697154819,356,0.0018446264890436442,0.33146067415730335,0.056947195558178565,True,0.20155038759689922,0.4883720930232558,1.0,True
32,16,L0,192993,0.5910214360106325,192993,1.0,0.5910214360106325,0.0,True,1,1,1,True
32,16,L1,192993,0.5910214360106325,16460,0.08528806744286062,0.5837181044957472,0.0073033315148852695,True,0.4418604651162791,0.4418604651162791,1.0,True
32,16,L2,192993,0.5910214360106325,1390,0.007202333763400745,0.5489208633093525,0.04210057270127998,True,0.32558139534883723,0.689922480620155,1.0,True
32,16,L3,192993,0.5910214360106325,432,0.0022384231552439724,0.5115740740740741,0.07944736193655844,True,0.16279069767441862,0.9069767441860465,0.9767441860465116,True
32,16,L4,192993,0.5910214360106325,356,0.0018446264890436442,0.5140449438202247,0.07697649219040781,True,0.15503875968992248,0.8604651162790697,0.9767441860465116,True
32,32,L0,192993,0.7077458767934588,192993,1.0,0.7077458767934588,0.0,True,1,1,1,True
32,32,L1,192993,0.7077458767934588,16460,0.08528806744286062,0.694228432563791,0.01351744422966783,True,0.20930232558139536,0.20930232558139536,1.0,True
32,32,L2,192993,0.7077458767934588,1390,0.007202333763400745,0.6597122302158274,0.04803364657763143,True,0.046511627906976744,0.16279069767441862,1.0,True
32,32,L3,192993,0.7077458767934588,432,0.0022384231552439724,0.6319444444444444,0.07580143234901437,True,0.09302325581395349,0.3798449612403101,0.9844961240310077,True
32,32,L4,192993,0.7077458767934588,356,0.0018446264890436442,0.6292134831460674,0.0785323936473914,True,0.06201550387596899,0.24031007751937986,0.9767441860465116,True
32,64,L0,192993,0.8443725938246465,192993,1.0,0.8443725938246465,0.0,True,1,1,1,True
32,64,L1,192993,0.8443725938246465,16460,0.08528806744286062,0.8370595382746051,0.0073130555500413585,True,0.3488372093023256,0.7054263565891473,1.0,True
32,64,L2,192993,0.8443725938246465,1390,0.007202333763400745,0.8100719424460432,0.034300651378603275,True,0.08527131782945736,0.5348837209302325,1.0,True
32,64,L3,192993,0.8443725938246465,432,0.0022384231552439724,0.7569444444444444,0.08742814938020205,True,0.007751937984496124,0.06976744186046512,0.9534883720930233,True
32,64,L4,192993,0.8443725938246465,356,0.0018446264890436442,0.7556179775280899,0.08875461629655657,True,0.007751937984496124,0.11627906976744186,0.9457364341085271,True
32,128,L0,192993,0.8905193452612271,192993,1.0,0.8905193452612271,0.0,True,1,1,1,True
32,128,L1,192993,0.8905193452612271,16460,0.08528806744286062,0.8804374240583233,0.010081921202903854,True,0.10852713178294573,0.12403100775193798,1.0,True
32,128,L2,192993,0.8905193452612271,1390,0.007202333763400745,0.8769784172661871,0.01354092799504003,True,0.5271317829457365,0.5658914728682171,1.0,True
32,128,L3,192993,0.8905193452612271,432,0.0022384231552439724,0.8287037037037037,0.06181564155752339,True,0.015503875968992248,0.10077519379844961,1.0,True
32,128,L4,192993,0.8905193452612271,356,0.0018446264890436442,0.8314606741573034,0.05905867110392371,True,0.023255813953488372,0.16279069767441862,1.0,True
64,8,L0,123415,0.3946116760523437,123415,1.0,0.3946116760523437,0.0,True,1,1,1,True
64,8,L1,123415,0.3946116760523437,10002,0.08104363326986185,0.38242351529694063,0.012188160755403077,True,0.3023255813953488,0.43410852713178294,1.0,True
64,8,L2,123415,0.3946116760523437,831,0.006733379248875744,0.35138387484957884,0.04322780120276487,True,0.06201550387596899,0.11627906976744186,1.0,True
64,8,L3,123415,0.3946116760523437,249,0.002017582951829194,0.3493975903614458,0.04521408569089791,True,0.3875968992248062,0.26356589147286824,1.0,True
64,8,L4,123415,0.3946116760523437,207,0.0016772677551351132,0.3285024154589372,0.0661092605934065,True,0.17829457364341086,0.10852713178294573,1.0,True
64,16,L0,123415,0.5676295426001702,123415,1.0,0.5676295426001702,0.0,True,1,1,1,True
64,16,L1,123415,0.5676295426001702,10002,0.08104363326986185,0.5508898220355929,0.016739720564577287,True,0.07751937984496124,0.43410852713178294,1.0,True
64,16,L2,123415,0.5676295426001702,831,0.006733379248875744,0.5018050541516246,0.0658244884485456,True,0.015503875968992248,0.17829457364341086,1.0,True
64,16,L3,123415,0.5676295426001702,249,0.002017582951829194,0.4578313253012048,0.10979821729896538,True,0.12403100775193798,0.20155038759689922,0.5503875968992248,True
64,16,L4,123415,0.5676295426001702,207,0.0016772677551351132,0.48792270531400966,0.07970683728616051,True,0.24031007751937986,0.2868217054263566,0.9767441860465116,True
64,32,L0,123415,0.6925738362435685,123415,1.0,0.6925738362435685,0.0,True,1,1,1,True
64,32,L1,123415,0.6925738362435685,10002,0.08104363326986185,0.6759648070385923,0.0166090292049762,True,0.17054263565891473,0.24031007751937986,1.0,True
64,32,L2,123415,0.6925738362435685,831,0.006733379248875744,0.6341756919374247,0.05839814430614376,True,0.015503875968992248,0.06201550387596899,1.0,True
64,32,L3,123415,0.6925738362435685,249,0.002017582951829194,0.6224899598393574,0.0700838764042111,True,0.1937984496124031,0.5426356589147286,0.9922480620155039,True
64,32,L4,123415,0.6925738362435685,207,0.0016772677551351132,0.6183574879227053,0.07421634832086321,True,0.14728682170542637,0.5193798449612403,0.9844961240310077,True
64,64,L0,123415,0.8338694648138395,123415,1.0,0.8338694648138395,0.0,True,1,1,1,True
64,64,L1,123415,0.8338694648138395,10002,0.08104363326986185,0.8284343131373725,0.0054351516764670205,True,0.6589147286821705,0.6356589147286822,1.0,True
64,64,L2,123415,0.8338694648138395,831,0.006733379248875744,0.8134777376654633,0.020391727148376226,True,0.2558139534883721,0.7674418604651163,1.0,True
64,64,L3,123415,0.8338694648138395,249,0.002017582951829194,0.7831325301204819,0.050736934693357605,True,0.1937984496124031,0.7674418604651163,1.0,True
64,64,L4,123415,0.8338694648138395,207,0.0016772677551351132,0.7874396135265701,0.0464298512872694,True,0.20930232558139536,0.9224806201550387,1.0,True
64,128,L0,123415,0.886974840983673,123415,1.0,0.886974840983673,0.0,True,1,1,1,True
64,128,L1,123415,0.886974840983673,10002,0.08104363326986185,0.8725254949010198,0.014449346082653136,True,0.031007751937984496,0.1937984496124031,1.0,True
64,128,L2,123415,0.886974840983673,831,0.006733379248875744,0.8628158844765343,0.024158956507138618,True,0.24806201550387597,0.6124031007751938,1.0,True
64,128,L3,123415,0.886974840983673,249,0.002017582951829194,0.8433734939759037,0.0436013470077693,True,0.26356589147286824,0.5813953488372093,1.0,True
64,128,L4,123415,0.886974840983673,207,0.0016772677551351132,0.8454106280193237,0.04156421296434931,True,0.23255813953488372,0.689922480620155,1.0,True
128,8,L0,81686,0.3980975932228289,81686,1.0,0.3980975932228289,0.0,True,1,1,1,True
128,8,L1,81686,0.3980975932228289,6681,0.08178880101853439,0.38392456219128873,0.014173031031540162,True,0.20930232558139536,0.4418604651162791,1.0,True
128,8,L2,81686,0.3980975932228289,584,0.007149327914208065,0.3595890410958904,0.03850855212693849,True,0.15503875968992248,0.10852713178294573,1.0,True
128,8,L3,81686,0.3980975932228289,177,0.0021668339739979925,0.3672316384180791,0.030865954804749796,True,0.5658914728682171,0.37209302325581395,1.0,True
128,8,L4,81686,0.3980975932228289,140,0.0017138799794334404,0.35,0.048097593222828916,True,0.4186046511627907,0.14728682170542637,1.0,True
128,16,L0,81686,0.5827069510075166,81686,1.0,0.5827069510075166,0.0,True,1,1,1,True
128,16,L1,81686,0.5827069510075166,6681,0.08178880101853439,0.5575512647807215,0.025155686226795093,True,0.015503875968992248,0.03875968992248062,1.0,True
128,16,L2,81686,0.5827069510075166,584,0.007149327914208065,0.4914383561643836,0.09126859484313299,True,0.007751937984496124,0.03875968992248062,0.9224806201550387,True
128,16,L3,81686,0.5827069510075166,177,0.0021668339739979925,0.4632768361581921,0.11943011484932448,True,0.007751937984496124,0.15503875968992248,0.3643410852713178,True
128,16,L4,81686,0.5827069510075166,140,0.0017138799794334404,0.45714285714285713,0.12556409386465944,True,0.015503875968992248,0.16279069767441862,0.31007751937984496,True
128,32,L0,81686,0.6986264476164826,81686,1.0,0.6986264476164826,0.0,True,1,1,1,True
128,32,L1,81686,0.6986264476164826,6681,0.08178880101853439,0.6892680736416704,0.009358373974812206,True,0.35658914728682173,0.31007751937984496,1.0,True
128,32,L2,81686,0.6986264476164826,584,0.007149327914208065,0.6284246575342466,0.07020179008223604,True,0.023255813953488372,0.14728682170542637,0.9922480620155039,True
128,32,L3,81686,0.6986264476164826,177,0.0021668339739979925,0.6101694915254238,0.08845695609105886,True,0.03875968992248062,0.2558139534883721,0.9534883720930233,True
128,32,L4,81686,0.6986264476164826,140,0.0017138799794334404,0.6357142857142857,0.06291216190219695,True,0.20155038759689922,0.4263565891472868,1.0,True
128,64,L0,81686,0.8440981318708224,81686,1.0,0.8440981318708224,0.0,True,1,1,1,True
128,64,L1,81686,0.8440981318708224,6681,0.08178880101853439,0.8395449782966622,0.004553153574160196,True,0.8604651162790697,0.8062015503875969,1.0,True
128,64,L2,81686,0.8440981318708224,584,0.007149327914208065,0.8373287671232876,0.006769364747534756,True,0.875968992248062,0.8604651162790697,1.0,True
128,64,L3,81686,0.8440981318708224,177,0.0021668339739979925,0.8248587570621468,0.019239374808675547,True,0.689922480620155,0.8914728682170543,1.0,True
128,64,L4,81686,0.8440981318708224,140,0.0017138799794334404,0.8285714285714286,0.015526703299393763,True,0.6124031007751938,0.8682170542635659,1.0,True
128,128,L0,81686,0.8897852753225767,81686,1.0,0.8897852753225767,0.0,True,1,1,1,True
128,128,L1,81686,0.8897852753225767,6681,0.08178880101853439,0.8807064810657087,0.009078794256867972,True,0.13178294573643412,0.3333333333333333,1.0,True
128,128,L2,81686,0.8897852753225767,584,0.007149327914208065,0.8544520547945206,0.0353332205280561,True,0.05426356589147287,0.07751937984496124,1.0,True
128,128,L3,81686,0.8897852753225767,177,0.0021668339739979925,0.8361581920903954,0.05362708323218124,True,0.09302325581395349,0.14728682170542637,1.0,True
128,128,L4,81686,0.8897852753225767,140,0.0017138799794334404,0.8214285714285714,0.06835670389400528,True,0.06201550387596899,0.12403100775193798,0.9922480620155039,True
