sourceNode,targetNode,sourceStage,targetStage,sourceUnmappedMass,targetUnmappedMass,omegaSink,mappedForwardError,mappedReverseError,omegaMapped,omegaFull,signMappedEqualsFull,signSinkEqualsFull,absMappedOverFull,absSinkOverFull
N0,N1,E16.5,E9.5,0.6464708030084209,0.6989958256516363,0.053086433830852986,0.47969018688831144,0.5021487870092771,0.022458600120965677,0.008739674658074348,True,True,2.5697295379544576,6.074188789374198
N0,N2,E16.5,E11.5,0.5353147835380689,0.608744120591655,0.06388342552442694,0.30420571279234504,0.4312210827841748,0.12701536999182977,0.05549378311132458,True,True,2.288821609747306,1.1511816629310012
N0,N3,E16.5,E15.5,0.028189962184193947,0.011149228508047221,-0.00864318701707142,0.3176135599373954,0.3334273565336394,0.015813796596244045,0.014958967427344094,True,False,1.057144931496901,0.5777930234189957
N0,N4,E16.5,E12.5,0.17983536294945912,0.11890362803342992,-0.03417221591257803,0.27642464587201215,0.3891916325811007,0.11276698670908852,0.09479665516399188,True,False,1.1895671478493537,0.36047913139406007
N0,N5,E16.5,E13.5,0.16092668073558333,0.03405742089805031,-0.06830724569600696,0.33033333873518145,0.40640796513158967,0.07607462639640822,0.06645535647767348,True,False,1.14474784921162,1.0278666659316718
N0,N6,E16.5,E14.5,0.10887620710423024,0.030005992785991586,-0.04153230193829761,0.2689956467860762,0.33178056282486146,0.06278491603878528,0.05653277941120488,True,False,1.1105931230110582,0.7346587656022064
N0,N7,E16.5,E10.5,0.5514722974032047,0.527594255359923,-0.019883320706397756,0.5491577875471148,0.4644387895164399,-0.08471899803067484,-0.03957452713602938,True,True,2.1407456806614653,0.5024272466491612
N1,N2,E9.5,E11.5,0.368078683021655,0.4400691797768683,0.05118324340061814,0.3987939935445172,0.41336618447245477,0.014572190927937545,0.009380961079927141,True,True,1.5533793183641182,5.456076724392045
N1,N3,E9.5,E15.5,0.7026175165047769,0.6665845029286506,-0.037131854242177964,0.5151579330268872,0.5197486511418334,0.004590718114946268,0.0008688562901698615,True,False,5.283633400465781,42.73647398572517
N1,N4,E9.5,E12.5,0.5926771500150918,0.6359472667827389,0.03993389458380958,0.35588324580870156,0.4341896240346048,0.07830637822590325,0.03116120364287145,True,True,2.512944593647521,1.2815260617490623
N1,N5,E9.5,E13.5,0.7004344342175678,0.6053181028586919,-0.09324252657354132,0.3643696333143425,0.3892570198498466,0.024887386535504097,0.00583981061775718,True,False,4.261676989974424,15.966703832829388
N1,N6,E9.5,E14.5,0.7105290851312466,0.6572300482601379,-0.05488093085039092,0.45893859290460404,0.5103463205725862,0.051407727667982184,0.015511382447171429,True,False,3.314193808518764,3.538107002216215
N1,N7,E9.5,E10.5,0.2326499133875835,0.28655424804826357,0.033240257121349315,0.4136055718689602,0.3342547733768982,-0.079350798492062,-0.058525711731772456,True,False,1.3558279966885736,0.5679598955360304
N2,N3,E11.5,E15.5,0.6224935403600264,0.5090698414791307,-0.09797078693542938,0.3975565704700602,0.2722161019656206,-0.12534046850443958,-0.05540570233320252,True,True,2.262230478564439,1.7682437512703313
N2,N4,E11.5,E12.5,0.44984800915749584,0.3643644553700035,-0.06098751146516662,0.340926022945552,0.3356677929631128,-0.005258229982439244,-0.0029653883500819767,True,True,1.7732011330974182,20.5664500784461
N2,N5,E11.5,E13.5,0.6153181241227703,0.4300544261121521,-0.15174766263022638,0.35771246684548547,0.32575526224510143,-0.03195720460038404,-0.015479545394433969,True,True,2.0644795299915586,9.803108474024746
N2,N6,E11.5,E14.5,0.6174908771943273,0.4686113142936088,-0.12495833445033372,0.34233093981591833,0.28144469995548205,-0.060886239860436286,-0.027593944852256858,True,True,2.2065072676789277,4.528469384112493
N2,N7,E11.5,E10.5,0.26880484830568274,0.27422615994194094,0.0033789415203027418,0.4484619895753976,0.3937555936609127,-0.05470639591448495,-0.03979263621252116,True,False,1.3747869234476862,0.08491373887009585
N3,N4,E15.5,E12.5,0.1615243547337866,0.13171710263371086,-0.016676516154626703,0.23985036595239773,0.34704516806220354,0.10719480210980581,0.09103547226641018,True,False,1.1775058605299071,0.18318701204541257
N3,N5,E15.5,E13.5,0.14045809359839914,0.05440870957155849,-0.046305988983357325,0.3100916374947722,0.37791684243078716,0.06782520493601496,0.0602606064469014,True,False,1.1255314032688852,0.7684288578170853
N3,N6,E15.5,E14.5,0.045520657610742296,0.04522711928313236,-0.0001517424325742575,0.2546828426847333,0.3044204884012674,0.04973764571653411,0.04747346716898293,True,False,1.0476935577401958,0.0031963629712177272
N3,N7,E15.5,E10.5,0.5614038897640854,0.5577289094990866,-0.0031412086965787456,0.6062474432417015,0.5034514583257549,-0.10279598491594666,-0.04533361207782716,True,True,2.2675445481703536,0.06929094225242914
N4,N5,E12.5,E13.5,0.08881097231966775,0.03369244271744075,-0.028840052001848634,0.2707841601758978,0.2361692030246414,-0.0346149571512564,-0.03265477170087511,True,True,1.060027534975195,0.883180328621797
N4,N6,E12.5,E14.5,0.10976607487867625,0.13549796830579425,0.014120349701213245,0.30647926383502516,0.2504998324348334,-0.05597943140019174,-0.04895406065112312,True,False,1.1435094587788284,0.2884408262236626
N4,N7,E12.5,E10.5,0.44465028390794775,0.3697638073038428,-0.05342349235186472,0.5442765132482741,0.39247788794501876,-0.15179862530325533,-0.09086849659502205,True,True,1.6705308329220354,0.5879209445927089
N5,N6,E13.5,E14.5,0.04563833505793719,0.11698580586767246,0.037912365714384055,0.35208686587947624,0.32679709904397153,-0.025289766835504712,-0.022993439580130226,True,False,1.0998688015932534,1.6488340329537305
N5,N7,E13.5,E10.5,0.47454315129129787,0.5380098893681617,0.050710683826884595,0.510444575161838,0.3317527656675519,-0.17869180949428615,-0.08632952445841313,True,False,2.069880618656321,0.5874083535733255
N6,N7,E14.5,E10.5,0.536447079395513,0.5621255353287433,0.02165536050273842,0.5850804466869084,0.4711304699131937,-0.11394997677371471,-0.050866014629116885,True,False,2.240198639593972,0.425733383294047
