section,stage,sourceEmbryoToken,biologicalEmbryoId,sectionIndex,rootCount,annotationClassCount,xMin,xMax,yMin,yMax
E9.5_E1S1,E9.5,E1,E9.5:E9.5_E1S1,1,5913,12,77.0,156.0,-253.0,-147.0
E9.5_E2S1,E9.5,E2,E9.5:E9.5_E2S1,1,5292,14,-63.50465774536133,31.5203800201416,-503.58563232421875,-421.6585388183594
E9.5_E2S2,E9.5,E2,E9.5:E9.5_E2S2,2,4356,13,-240.83201599121094,-164.23651123046875,-146.84609985351562,-58.4397087097168
E9.5_E2S3,E9.5,E2,E9.5:E9.5_E2S3,3,5059,13,212.94229125976562,307.3583068847656,145.470458984375,221.19992065429688
E9.5_E2S4,E9.5,E2,E9.5:E9.5_E2S4,4,5797,13,11.313708305358887,108.18733978271484,-494.9747619628906,-410.1219482421875
E10.5_E1S1,E10.5,E1,E10.5:E10.5_E1S1,1,18408,13,-249.0,-109.0,-323.0,-125.0
E10.5_E1S2,E10.5,E1,E10.5:E10.5_E1S2,2,18647,11,-422.0,-283.0,-324.0,-120.0
E10.5_E1S3,E10.5,E1,E10.5:E10.5_E1S3,3,18670,16,59.0,196.0,11.0,217.0
E10.5_E2S1,E10.5,E2,E10.5:E10.5_E2S1,1,8494,18,-175.0,-76.0,-236.0,-112.0
E11.5_E1S1,E11.5,E1,E11.5:E11.5_E1S1,1,30124,19,-236.3949432373047,-50.32200622558594,155.87490844726562,418.594970703125
E11.5_E1S2,E11.5,E1,E11.5:E11.5_E1S2,2,30756,18,-247.87474060058594,-63.25664138793945,253.87789916992188,511.7166748046875
E11.5_E1S3,E11.5,E1,E11.5:E11.5_E1S3,3,27455,19,72.0,256.0,-278.0,-41.0
E11.5_E1S4,E11.5,E1,E11.5:E11.5_E1S4,4,30775,19,-213.00970458984375,-22.151933670043945,68.81170654296875,323.0641784667969
E12.5_E1S1,E12.5,E1,E12.5:E12.5_E1S1,1,51365,23,-190.9871063232422,29.88079833984375,136.6217803955078,465.4031066894531
E12.5_E1S2,E12.5,E1,E12.5:E12.5_E1S2,2,47436,20,-418.0,-211.0,-416.0,-92.0
E12.5_E1S3,E12.5,E1,E12.5:E12.5_E1S3,3,49908,17,92.58056640625,308.65802001953125,-488.83697509765625,-150.50965881347656
E12.5_E1S4,E12.5,E1,E12.5:E12.5_E1S4,4,55295,19,59.083736419677734,290.1394348144531,-37.944862365722656,318.71337890625
E12.5_E1S5,E12.5,E1,E12.5:E12.5_E1S5,5,45669,16,134.0,345.0,-397.0,-84.0
E12.5_E2S1,E12.5,E2,E12.5:E12.5_E2S1,1,23640,18,140.63943481445312,297.1547546386719,14.8009672164917,234.58433532714844
E13.5_E1S1,E13.5,E1,E13.5:E13.5_E1S1,1,77369,19,101.69730377197266,369.5497741699219,81.3259048461914,456.6835021972656
E13.5_E1S2,E13.5,E1,E13.5:E13.5_E1S2,2,64584,19,-27.455673217773438,244.9692840576172,-602.8877563476562,-270.85662841796875
E13.5_E1S3,E13.5,E1,E13.5:E13.5_E1S3,3,84811,18,55.67320251464844,363.2041931152344,175.9567108154297,566.3353271484375
E13.5_E1S4,E13.5,E1,E13.5:E13.5_E1S4,4,73168,17,106.19091796875,403.0578308105469,48.742191314697266,406.21307373046875
E14.5_E1S1,E14.5,E1,E14.5:E14.5_E1S1,1,102519,26,89.64894104003906,395.4938049316406,-682.9005126953125,-225.70989990234375
E14.5_E1S2,E14.5,E1,E14.5:E14.5_E1S2,2,102977,21,-13.683451652526855,293.4565734863281,-478.9682312011719,-36.534061431884766
E14.5_E1S3,E14.5,E1,E14.5:E14.5_E1S3,3,92928,16,51.89033889770508,375.2896423339844,-385.8371276855469,50.211299896240234
E14.5_E1S4,E14.5,E1,E14.5:E14.5_E1S4,4,105857,21,-340.0,-30.0,46.0,502.0
E14.5_E1S5,E14.5,E1,E14.5:E14.5_E1S5,5,101353,21,154.0,449.0,-797.0,-352.0
E14.5_E2S1,E14.5,E2,E14.5:E14.5_E2S1,1,92764,16,8.0,280.0,112.0,560.0
E14.5_E2S2,E14.5,E2,E14.5:E14.5_E2S2,2,112086,17,-435.0,-140.0,-545.0,-70.0
E15.5_E1S1,E15.5,E1,E15.5:E15.5_E1S1,1,113350,26,-338.01751708984375,-35.21272659301758,1.845173716545105,471.1644287109375
E15.5_E1S2,E15.5,E1,E15.5:E15.5_E1S2,2,109811,22,4.0,295.0,-659.0,-198.0
E15.5_E1S3,E15.5,E1,E15.5:E15.5_E1S3,3,104042,19,-370.0,-52.0,66.0,515.0
E15.5_E1S4,E15.5,E1,E15.5:E15.5_E1S4,4,104845,19,-391.0,-78.0,118.0,573.0
E15.5_E2S1,E15.5,E2,E15.5:E15.5_E2S1,1,72944,21,37.0,317.0,-572.0,-180.0
E16.5_E1S1,E16.5,E1,E16.5:E1,1,121767,25,-27.578805923461914,305.0506896972656,-731.041015625,-219.47152709960938
E16.5_E1S2,E16.5,E1,E16.5:E1,2,120842,19,-419.0,-92.0,146.0,652.0
E16.5_E1S3,E16.5,E1,E16.5:E1,3,155741,23,-529.0,-183.0,105.0,673.0
E16.5_E1S4,E16.5,E1,E16.5:E1,4,135973,20,-375.0,-24.0,116.0,659.0
E16.5_E1S5,E16.5,E1,E16.5:E1,5,152559,24,2.0,362.0,-738.0,-182.0
E16.5_E2S1,E16.5,E2,E16.5:E2,1,59125,10,-271.0,-30.0,84.0,487.0
E16.5_E2S2,E16.5,E2,E16.5:E2,2,73922,13,4.0,265.0,-438.0,-16.0
E16.5_E2S3,E16.5,E2,E16.5:E2,3,110755,15,-38.51142883300781,263.0181884765625,-732.9535522460938,-261.4733581542969
E16.5_E2S4,E16.5,E2,E16.5:E2,4,99212,16,-291.5644226074219,-16.167617797851562,153.41217041015625,624.1633911132812
E16.5_E2S5,E16.5,E2,E16.5:E2,5,132481,24,-391.0,-72.0,150.0,693.0
E16.5_E2S6,E16.5,E2,E16.5:E2,6,137209,21,-385.0,-58.0,54.0,598.0
E16.5_E2S7,E16.5,E2,E16.5:E2,7,155159,21,83.0,413.0,-672.0,-101.0
E16.5_E2S8,E16.5,E2,E16.5:E2,8,120854,26,-450.0,-144.0,12.0,559.0
E16.5_E2S9,E16.5,E2,E16.5:E2,9,129425,24,100.0,454.0,-754.0,-212.0
E16.5_E2S10,E16.5,E2,E16.5:E2,10,114026,18,-449.0,-141.0,51.0,563.0
E16.5_E2S11,E16.5,E2,E16.5:E2,11,109399,18,216.0,509.0,-721.0,-224.0
E16.5_E2S12,E16.5,E2,E16.5:E2,12,94733,15,-498.0,-208.0,138.0,617.0
E16.5_E2S13,E16.5,E2,E16.5:E2,13,77748,14,-246.0,-16.0,34.0,497.0
